rowID,playerID,gameID,Year,Date,G#,Age,Tm,,Opp,Result,Tgt,Rec,recYDS,Y/R,recTD,Ctch%,Y/Tgt,Att,rushYDS,Y/A,rushTD,Cmp,Att,Cmp%,passYDS,passTD,passINT,Rate,Sk,Yds,Y/A,AY/A,Rt,Yds,Y/Rt,KRTD,Ret,Yds,Y/R,PRTD,2PM,TD,Pts,Sk,Tkl,Ast,passBonus,rushBonus,recBonus,fpts,
,161,1,2006,10/22/2006,7,25-229,ARI,@,OAK,L 9-22,7,3,87,29,0,42.90%,12.43,0,0,,0,,,,,,,,,,,,,,,,,,,,,,,,,,0,0,0,11.7,10.225
,161,2,2003,9/21/2003,3,22-198,ARI,,GNB,W 20-13,7,6,86,14.33,0,85.70%,12.29,0,0,,0,,,,,,,,,,,,,,,,,,,,,,,,,,0,0,0,14.6,
,161,3,2006,10/8/2006,5,25-215,ARI,,KAN,L 20-23,9,6,82,13.67,0,66.70%,9.11,0,0,,0,,,,,,,,,,,,,,,,,,,,,,,,,,0,0,0,14.2,
,161,4,2006,12/10/2006,13,25-278,ARI,,SEA,W 27-21,5,3,81,27,1,60.00%,16.2,0,0,,0,,,,,,,,,,,,,,,,,,,,,,,,,,0,0,0,17.1,
,161,5,2007,10/7/2007,5,26-214,ARI,@,STL,W 34-31,8,6,80,13.33,0,75.00%,10,0,0,,0,,,,,,,,,,,,,,,,,,,,,,,,,,0,0,0,14,
,161,6,2007,11/25/2007,11,26-263,ARI,,SFO,L 31-37,7,5,80,16,0,71.40%,11.43,0,0,,0,,,,,,,,,,,,,,,,,,,,,,,,,,0,0,0,13,
,161,8,2004,12/12/2004,13,23-280,ARI,,SFO,L 28-31,8,4,77,19.25,0,50.00%,9.63,0,0,,0,,,,,,,,,,,,,,,,,,,,,,,,,,0,0,0,11.7,
,161,9,2005,11/27/2005,11,24-265,ARI,,JAX,L 17-24,6,5,77,15.4,0,83.30%,12.83,0,0,,0,,,,,,,,,,,,,,,,,,,,,,,,,,0,0,0,12.7,
,161,10,2003,11/9/2003,9,22-247,ARI,@,PIT,L 15-28,8,3,76,25.33,1,37.50%,9.5,0,0,,0,,,,,,,,,,,,,,,,,,,,,,,,,,0,0,0,16.6,
,161,11,2006,12/31/2006,16,25-299,ARI,@,SDG,L 20-27,4,3,76,25.33,0,75.00%,19,0,0,,0,,,,,,,,,,,,,,,,,,,,,,,,,,0,0,0,10.6,
,161,23,2006,9/24/2006,3,25-201,ARI,,STL,L 14-16,2,1,54,54,0,50.00%,27,1,-3,-3,0,,,,,,,,,,,,,,,,,,,,,,,,,,0,0,0,6.1,
,161,43,2006,9/17/2006,2,25-194,ARI,@,SEA,L 10-21,3,1,40,40,1,33.30%,13.33,0,0,,0,,,,,,,,,,,,,,,,,,,,,,,,,,0,0,0,11,
,161,80,2003,12/14/2003,14,22-282,ARI,,CAR,L 17-20,1,1,18,18,0,100.00%,18,0,0,,0,,,,,,,,,,,,,,,,,,,,,,,,,,0,0,0,2.8,
,161,81,2007,9/23/2007,3,26-200,ARI,@,BAL,L 23-26,4,1,18,18,0,25.00%,4.5,0,0,,0,,,,,,,,,,,,,,,,,,,,,,,,,,0,0,0,2.8,
,161,93,2007,11/4/2007,8,26-242,ARI,@,TAM,L 10-17,4,1,14,14,0,25.00%,3.5,0,0,,0,,,,,,,,,,,,,,,,,,,,,,,,,,0,0,0,2.4,
,161,94,2007,11/18/2007,10,26-256,ARI,@,CIN,W 35-27,3,1,13,13,0,33.30%,4.33,0,0,,0,,,,,,,,,,,,,,,,,,,,,,,,,,0,0,0,2.3,
,162,1,1961,11/12/1961,9,22-025,CHI,,GNB,L 28-31,,9,190,21.11,3,,,,,,,,,,,,,,,,,,,,,,,,,,,,,,,,0,0,3,49,22.26875
,162,2,1964,10/25/1964,7,25-007,CHI,@,WAS,L 20-27,,13,168,12.92,0,,,,,,,,,,,,,,,,,,,,,,,,,,,,,,,,0,0,3,32.8,
,162,3,1962,12/9/1962,13,23-052,CHI,,RAM,W 30-14,,6,155,25.83,1,,,,,,,,,,,,,,,,,,,,,,,,,,,,,,,,0,0,3,30.5,
,162,4,1963,11/24/1963,11,24-037,CHI,@,PIT,T 17-17,,7,146,20.86,0,,,,,,,,,,,,,,,,,,,,,,,,,,,,,,,,0,0,3,24.6,
,162,5,1962,11/18/1962,10,23-031,CHI,@,DAL,W 34-33,,7,133,19,1,,,,,,,,,,,,,,,,,,,,,,,,,,,,,,,,0,0,3,29.3,
,162,6,1962,10/14/1962,5,22-361,CHI,,SFO,L 27-34,,8,132,16.5,0,,,,,,,,,,,,,,,,,,,,,,,,,,,,,,,,0,0,3,24.2,
,162,7,1961,9/23/1961,2,21-340,CHI,@,RAM,W 21-17,,5,130,26,1,,,,,,,,,,,,,,,,,,,,,,,,,,,,,,,,0,0,3,27,
,162,8,1963,9/22/1963,2,23-339,CHI,@,MIN,W 28-7,,8,124,15.5,2,,,,,,,,,,,,,,,,,,,,,,,,,,,,,,,,0,0,3,35.4,
,162,9,1961,10/8/1961,4,21-355,CHI,@,DET,W 31-17,,5,120,24,1,,,,,,,,,,,,,,,,,,,,,,,,,,,,,,,,0,0,3,26,
,162,10,1963,10/13/1963,5,23-360,CHI,@,RAM,W 52-14,,9,110,12.22,4,,,,,,,,,,,,,,,,,,,,,,,,,,,,,,,,0,0,3,47,
,162,24,1961,11/5/1961,8,22-018,CHI,@,PHI,L 14-16,,1,76,76,1,,,,,,,,,,,,,,,,,,,,,,,,,,,,,,,,0,0,0,14.6,
,162,80,1965,9/19/1965,1,25-336,CHI,@,SFO,L 24-52,,1,26,26,0,,,,,,,,,,,,,,,,,,,,,,,,,,,,,,,,0,0,0,3.6,
,162,86,1964,12/13/1964,14,25-056,CHI,,MIN,L 14-41,,1,24,24,0,,,,,,,,,,,,,,,,,,,,,,,,,,,,,,,,0,0,0,3.4,
,162,90,1961,10/15/1961,5,21-362,CHI,,BAL,W 24-10,,1,22,22,0,,,,,,,,,,,,,,,,,,,,,,,,,,,,,,,,0,0,0,3.2,
,162,98,1962,9/23/1962,2,22-340,CHI,@,RAM,W 27-23,,1,19,19,0,,,,,,,,,,,,,,,,,,,,,,,,,,,,,,,,0,0,0,2.9,
,162,99,1961,9/17/1961,1,21-334,CHI,@,MIN,L 13-37,,1,18,18,0,,,,,,,,,,,,,,,,,,,,,,,,,,,,,,,,0,0,0,2.8,
,163,1,1983,10/17/1983,7,27-202,GNB,,WAS,W 48-47,,6,124,20.67,2,,,,,,,,,,,,,,,,,,,,,,,,,,,,,,,,0,0,3,33.4,17.85
,163,2,1983,12/18/1983,16,27-264,GNB,@,CHI,L 21-23,,4,122,30.5,1,,,,,,,,,,,,,,,,,,,,,,,,,,,,,,,,0,0,3,25.2,
,163,3,1979,10/28/1979,9,23-213,GNB,@,MIA,L 7-27,,5,116,23.2,1,,,,,,,,,,,,,,,,,,,,,,,,,,,,,,,,0,0,3,25.6,
,163,4,1980,10/12/1980,6,24-197,GNB,@,TAM,T 14-14,,9,109,12.11,1,,,,,,,,,,,,,,,,,,,,,,,,,,,,,,,,0,0,3,28.9,
,163,5,1979,10/21/1979,8,23-206,GNB,@,TAM,L 3-21,,7,106,15.14,0,,,,,,,,,,,,,,,,,,,,,,,,,,,,,,,,0,0,3,20.6,
,163,6,1984,10/7/1984,6,28-192,GNB,,SDG,L 28-34,,8,104,13,1,,,,,,,,,,,,,,,,,,,,,,,,,,,,,,,,0,0,3,27.4,
,163,7,1981,10/4/1981,5,25-189,GNB,@,NYG,W 27-14,,6,92,15.33,1,,,,,,,,,,,,,,,,,,,,,,,,,,,,,,,,0,0,0,21.2,
,163,8,1985,10/27/1985,8,29-212,GNB,@,IND,L 10-37,,5,80,16,1,,,,,,,,,,,,,,,,,,,,,,,,,,,,,,,,0,0,0,19,
,163,9,1979,12/9/1979,15,23-255,GNB,,CHI,L 14-15,,6,79,13.17,2,,,,,,,,,,,,,,,,,,,,,,,,,,,,,,,,0,0,0,25.9,
,163,10,1985,9/29/1985,4,29-184,GNB,@,STL,L 28-43,,6,79,13.17,2,,,,,,,,,,,,,,,,,,,,,,,,,,,,,,,,0,0,0,25.9,
,163,46,1984,11/22/1984,13,28-238,GNB,@,DET,L 28-31,,1,44,44,1,,,,,,,,,,,,,,,,,,,,,,,,,,,,,,,,0,0,0,11.4,
,163,67,1981,9/6/1981,1,25-161,GNB,@,CHI,W 16-9,,1,27,27,0,,,,,,,,,,,,,,,,,,,,,,,,,,,,,,,,0,0,0,3.7,
,163,68,1982,12/19/1982,7,26-265,GNB,@,BAL,T 20-20,,1,27,27,0,,,,,,,,,,,,,,,,,,,,,,,,,,,,,,,,0,0,0,3.7,
,163,74,1985,10/6/1985,5,29-191,GNB,,DET,W 43-10,,1,24,24,0,,,,,,,,,,,,,,,,,,,,,,,,,,,,,,,,0,0,0,3.4,
,163,89,1980,10/26/1980,8,24-211,GNB,,MIN,W 16-3,,1,12,12,1,,,,,,,,,,,,,,,,,,,,,,,,,,,,,,,,0,0,0,8.2,
,163,90,1980,10/5/1980,5,24-190,GNB,,CIN,W 14-9,,1,11,11,0,,,,,,,,,,,,,,,,,,,,,,,,,,,,,,,,0,0,0,2.1,
,164,1,2005,10/16/2005,5,25-059,NYG,@,DAL,L 13-16,9,5,129,25.8,1,55.60%,14.33,0,0,,0,,,,,,,,,,,,,,,,,,,,,,,,,,0,0,3,26.9,16.55
,164,2,2007,11/11/2007,9,27-085,NYG,,DAL,L 20-31,14,12,129,10.75,1,85.70%,9.21,0,0,,0,,,,,,,,,,,,,,,,,,,,,,,,,,0,0,3,33.9,
,164,3,2005,11/27/2005,11,25-101,NYG,@,SEA,L 21-24,15,10,127,12.7,1,66.70%,8.47,0,0,,0,,,,,,,,,,,,,,,,,,,,,,,,,,0,0,3,31.7,
,164,4,2002,12/22/2002,15,22-126,NYG,@,IND,W 44-27,8,7,116,16.57,0,87.50%,14.5,0,0,,0,,,,,,,,,,,,,,,,,,,,,,,,,,0,0,3,21.6,
,164,5,2002,11/17/2002,10,22-091,NYG,,WAS,W 19-17,18,11,111,10.09,0,61.10%,6.17,0,0,,0,,,,,,,,,,,,,,,,,,,,,,,,,,0,0,3,25.1,
,164,6,2003,10/5/2003,4,23-048,NYG,,MIA,L 10-23,11,11,110,10,0,100.00%,10,0,0,,0,,,,,,,,,,,,,,,,,,,,,,,,,,0,0,3,25,
,164,7,2005,12/11/2005,13,25-115,NYG,@,PHI,W 26-23,19,10,107,10.7,0,52.60%,5.63,0,0,,0,,,,,,,,,,,,,,,,,,,,,,,,,,0,0,3,23.7,
,164,9,2005,9/25/2005,3,25-038,NYG,@,SDG,L 23-45,9,6,101,16.83,0,66.70%,11.22,0,0,,0,,,,,,,,,,,,,,,,,,,,,,,,,,0,0,3,19.1,
,164,10,2002,12/28/2002,16,22-132,NYG,,PHI,W 10-7,13,10,98,9.8,1,76.90%,7.54,0,0,,0,,,,,,,,,,,,,,,,,,,,,,,,,,0,0,0,25.8,
,164,11,2002,12/8/2002,13,22-112,NYG,@,WAS,W 27-21,10,5,89,17.8,0,50.00%,8.9,0,0,,0,,,,,,,,,,,,,,,,,,,,,,,,,,0,0,0,13.9,
,164,117,2007,9/30/2007,4,27-043,NYG,,PHI,W 16-3,3,1,17,17,0,33.30%,5.67,0,0,,0,,,,,,,,,,,,,,,,,,,,,,,,,,0,0,0,2.7,
,164,121,2006,11/12/2006,9,26-086,NYG,,CHI,L 20-38,2,1,15,15,0,50.00%,7.5,0,0,,0,,,,,,,,,,,,,,,,,,,,,,,,,,0,0,0,2.5,
,164,125,2006,10/8/2006,4,26-051,NYG,,WAS,W 19-3,4,1,13,13,0,25.00%,3.25,0,0,,0,,,,,,,,,,,,,,,,,,,,,,,,,,0,0,0,2.3,
,164,127,2002,10/6/2002,5,22-049,NYG,@,DAL,W 21-17,1,1,11,11,0,100.00%,11,0,0,,0,,,,,,,,,,,,,,,,,,,,,,,,,,0,0,0,2.1,
,164,133,2007,12/9/2007,13,27-113,NYG,@,PHI,W 16-13,6,1,4,4,0,16.70%,0.67,0,0,,0,,,,,,,,,,,,,,,,,,,,,,,,,,0,0,0,1.4,
,164,134,2005,11/20/2005,10,25-094,NYG,,PHI,W 27-17,2,1,1,1,1,50.00%,0.5,0,0,,0,,,,,,,,,,,,,,,,,,,,,,,,,,0,0,0,7.1,
,165,1,1974,10/27/1974,7,28-063,DET,,GNB,W 19-17,,7,146,20.86,1,,,0,0,,0,,,,,,,,,,,,,,,,,,,,,,,,,,0,0,3,30.6,12.475
,165,2,1968,12/15/1968,14,22-112,DET,@,WAS,L 3-14,,10,133,13.3,0,,,0,0,,0,,,,,,,,,,,,,,,,,,,,,,,,,,0,0,3,26.3,
,165,3,1971,11/25/1971,11,25-092,DET,,KAN,W 32-21,,5,90,18,1,,,0,0,,0,,,,,,,,,,,,,,,,,,,,,,,,,,0,0,0,20,
,165,4,1976,10/24/1976,7,30-060,DET,@,SEA,W 41-14,,4,89,22.25,1,,,0,0,,0,,,,,,,,,,,,,,,,,,,,,,,,,,0,0,0,18.9,
,165,5,1970,11/8/1970,8,24-075,DET,@,NOR,L 17-19,,6,88,14.67,1,,,0,0,,0,,,,,,,,,,,,,,,,,,,,,,,,,,0,0,0,20.8,
,165,6,1968,11/10/1968,9,22-077,DET,,BAL,L 10-27,,6,86,14.33,0,,,0,0,,0,,,,,,,,,,,,,,,,,,,,,,,,,,0,0,0,14.6,
,165,7,1972,10/30/1972,7,26-066,DET,@,DAL,L 24-28,,3,82,27.33,0,,,0,0,,0,,,,,,,,,,,,,,,,,,,,,,,,,,0,0,0,11.2,
,165,8,1973,10/14/1973,5,27-050,DET,@,NOR,L 13-20,,3,80,26.67,0,,,1,-1,-1,0,,,,,,,,,,,,,,,,,,,,,,,,,,0,0,0,10.9,
,165,9,1970,10/5/1970,3,24-041,DET,,CHI,W 28-14,,3,77,25.67,0,,,0,0,,0,,,,,,,,,,,,,,,,,,,,,,,,,,0,0,0,10.7,
,165,10,1970,12/6/1970,12,24-103,DET,,STL,W 16-3,,5,76,15.2,0,,,0,0,,0,,,,,,,,,,,,,,,,,,,,,,,,,,0,0,0,12.6,
,165,84,1973,10/28/1973,7,27-064,DET,,GNB,W 34-0,,1,22,22,0,,,,,,,,,,,,,,,,,,,,,,,,,,,,,,,,0,0,0,3.2,
,165,85,1974,9/15/1974,1,28-021,DET,@,CHI,L 9-17,,1,21,21,0,,,,,,,,,,,,,,,,,,,,,,,,,,,,,,,,0,0,0,3.1,
,165,86,1972,12/3/1972,12,26-100,DET,@,GNB,L 7-33,,1,20,20,0,,,,,,,,,,,,,,,,,,,,,,,,,,,,,,,,0,0,0,3,
,165,90,1968,11/3/1968,8,22-070,DET,@,RAM,L 7-10,,1,16,16,0,,,,,,,,,,,,,,,,,,,,,,,,,,,,,,,,0,0,0,2.6,
,165,91,1971,10/3/1971,3,25-039,DET,,ATL,W 41-38,,1,16,16,1,,,,,,,,,,,,,,,,,,,,,,,,,,,,,,,,0,0,0,8.6,
,165,92,1968,9/15/1968,1,22-021,DET,@,DAL,L 13-59,,1,15,15,0,,,,,,,,,,,,,,,,,,,,,,,,,,,,,,,,0,0,0,2.5,
,166,1,2008,10/5/2008,5,26-086,WAS,@,PHI,W 23-17,10,8,109,13.63,1,1,10.9,0,0,,0,,,,,,,,,,,,,,,,,,,,,,,,,,0,0,3,27.9,14.0125
,166,2,2007,10/14/2007,5,25-095,WAS,@,GNB,L 14-17,10,9,105,11.67,1,1,10.5,0,0,,0,,,,,,,,,,,,,,,,,,,,,,,,,,0,0,3,28.5,
,166,3,2007,11/25/2007,11,25-137,WAS,@,TAM,L 13-19,10,6,96,16,1,1,9.6,0,0,,0,,,,,,,,,,,,,,,,,,,,,,,,,,0,0,0,21.6,
,166,4,2007,12/6/2007,13,25-148,WAS,,CHI,W 24-16,7,5,93,18.6,0,1,13.29,0,0,,0,,,,,,,,,,,,,,,,,,,,,,,,,,0,0,0,14.3,
,166,5,2010,11/21/2010,10,28-133,WAS,@,TEN,W 19-16,9,7,91,13,0,1,10.11,0,0,,0,,,,,,,,,,,,,,,,,,,,,,,,,,0,0,0,16.1,
,166,6,2006,11/26/2006,11,24-138,WAS,,CAR,W 17-13,7,3,89,29.67,1,0,12.71,0,0,,0,,,,,,,,,,,,,,,,,,,,,,,,,,0,0,0,17.9,
,166,7,2007,11/18/2007,10,25-130,WAS,@,DAL,L 23-28,10,8,89,11.13,1,1,8.9,0,0,,0,,,,,,,,,,,,,,,,,,,,,,,,,,0,0,0,22.9,
,166,8,2007,12/2/2007,12,25-144,WAS,,BUF,L 16-17,12,7,89,12.71,0,1,7.42,0,0,,0,,,,,,,,,,,,,,,,,,,,,,,,,,0,0,0,15.9,
,166,9,2005,11/6/2005,8,23-118,WAS,,PHI,W 17-10,8,7,85,12.14,0,1,10.63,0,0,,0,,,,,,,,,,,,,,,,,,,,,,,,,,0,0,0,15.5,
,166,10,2009,9/20/2009,2,27-071,WAS,,STL,W 9-7,9,7,83,11.86,0,1,9.22,0,0,,0,,,,,,,,,,,,,,,,,,,,,,,,,,0,0,0,15.3,
,166,64,2007,12/23/2007,15,25-165,WAS,@,MIN,W 32-21,4,1,33,33,1,0,8.25,0,0,,0,,,,,,,,,,,,,,,,,,,,,,,,,,0,0,0,10.3,
,166,78,2006,9/17/2006,2,24-068,WAS,@,DAL,L 10-27,6,1,23,23,0,0,3.83,0,0,,0,,,,,,,,,,,,,,,,,,,,,,,,,,0,0,0,3.3,
,166,91,2004,9/12/2004,1,22-063,WAS,,TAM,W 16-10,2,1,16,16,0,1,8,0,0,,0,,,,,,,,,,,,,,,,,,,,,,,,,,0,0,0,2.6,
,166,95,2008,12/7/2008,13,26-149,WAS,@,BAL,L 10-24,4,1,12,12,0,0,3,0,0,,0,,,,,,,,,,,,,,,,,,,,,,,,,,0,0,0,2.2,
,166,96,2007,9/9/2007,1,25-060,WAS,,MIA,W 16-13,3,1,10,10,0,0,3.33,0,0,,0,,,,,,,,,,,,,,,,,,,,,,,,,,0,0,0,2,
,166,97,2004,11/14/2004,9,22-126,WAS,,CIN,L 10-17,3,1,9,9,1,0,3,0,0,,0,,,,,,,,,,,,,,,,,,,,,,,,,,0,0,0,7.9,
,167,1,1965,11/14/1965,9,34-085,PHI,,WAS,W 21-14,,7,204,29.14,0,,,0,0,,0,,,,,,,,,,,,,,,,,,,,,,,,,,0,0,3,30.4,22.26875
,167,2,1965,11/7/1965,8,34-078,PHI,@,CLE,L 34-38,,7,151,21.57,3,,,0,0,,0,,,,,,,,,,,,,,,,,,,,,,,,,,0,0,3,43.1,
,167,3,1965,11/28/1965,11,34-099,PHI,@,STL,W 28-24,,9,148,16.44,3,,,0,0,,0,,,,,,,,,,,,,,,,,,,,,,,,,,0,0,3,44.8,
,167,4,1964,9/13/1964,1,33-023,PHI,,NYG,W 38-7,,6,139,23.17,1,,,0,0,,0,,,,,,,,,,,,,,,,,,,,,,,,,,0,0,3,28.9,
,167,5,1959,11/15/1959,8,28-086,PHI,,CRD,W 27-17,,5,137,27.4,1,,,0,0,,0,,,,,,,,,,,,,,,,,,,,,,,,,,0,0,3,27.7,
,167,6,1962,12/2/1962,12,31-103,PHI,@,WAS,W 37-14,,8,135,16.88,1,,,0,0,,0,,,,,,,,,,,,,,,,,,,,,,,,,,0,0,3,30.5,
,167,7,1965,10/17/1965,5,34-057,PHI,@,NYG,L 27-35,,6,133,22.17,1,,,0,0,,0,,,,,,,,,,,,,,,,,,,,,,,,,,0,0,3,28.3,
,167,8,1960,10/9/1960,3,29-049,PHI,,STL,W 31-27,,7,132,18.86,2,,,0,0,,0,,,,,,,,,,,,,,,,,,,,,,,,,,0,0,3,35.2,
,167,9,1962,9/16/1962,1,31-026,PHI,,STL,L 21-27,,4,126,31.5,0,,,0,0,,0,,,,,,,,,,,,,,,,,,,,,,,,,,0,0,3,19.6,
,167,10,1961,10/29/1961,7,30-069,PHI,@,WAS,W 27-24,,7,125,17.86,2,,,0,0,,0,,,,,,,,,,,,,,,,,,,,,,,,,,0,0,3,34.5,
,167,90,1964,12/6/1964,13,33-107,PHI,,DAL,W 24-14,,1,31,31,1,,,0,0,,0,,,,,,,,,,,,,,,,,,,,,,,,,,0,0,0,10.1,
,167,92,1966,10/23/1966,7,35-063,PHI,@,NYG,W 31-3,,1,30,30,1,,,0,0,,0,,,,,,,,,,,,,,,,,,,,,,,,,,0,0,0,10,
,167,96,1960,10/16/1960,4,29-056,PHI,,DET,W 28-10,,1,25,25,0,,,0,0,,0,,,,,,,,,,,,,,,,,,,,,,,,,,0,0,0,3.5,
,167,97,1959,10/18/1959,4,28-058,PHI,@,NYG,L 7-24,,1,24,24,0,,,0,0,,0,,,,,,,,,,,,,,,,,,,,,,,,,,0,0,0,3.4,
,167,98,1965,9/19/1965,1,34-029,PHI,,STL,W 34-27,,1,23,23,0,,,0,0,,0,,,,,,,,,,,,,,,,,,,,,,,,,,0,0,0,3.3,
,167,100,1956,12/2/1956,10,25-103,PHI,@,CLE,L 14-17,,1,20,20,0,,,0,0,,0,,,,,,,,,,,,,,,,,,,,,,,,,,0,0,0,3,
,168,1,2009,12/20/2009,14,27-059,PIT,,GNB,W 37-36,10,7,118,16.86,0,1,11.8,0,0,,0,,,,,,,,,,,,,,,,,,,,,,,,,,0,0,3,21.8,14.65
,168,2,2014,10/26/2014,8,32-004,PIT,,IND,W 51-34,8,7,112,16,1,1,14,0,0,,0,,,,,,,,,,,,,,,,,,,,,,,,,,0,0,3,27.2,
,168,3,2015,11/1/2015,8,33-010,PIT,,CIN,L 10-16,13,10,105,10.5,0,1,8.08,0,0,,0,,,,,,,,,,,,,,,,,,,,,,,,,,0,0,3,23.5,
,168,4,2006,9/7/2006,1,23-320,PIT,,MIA,W 28-17,3,3,101,33.67,1,1,33.67,0,0,,0,,,,,,,,,,,,,,,,,,,,,,,,,,0,0,3,22.1,
,168,5,2012,12/2/2012,12,30-041,PIT,@,BAL,W 23-20,6,5,97,19.4,1,1,16.17,0,0,,0,,,,,,,,,,,,,,,,,,,,,,,,,,0,0,0,20.7,
,168,6,2009,11/22/2009,10,27-031,PIT,@,KAN,L 24-27,8,7,95,13.57,1,1,11.88,0,0,,0,,,,,,,,,,,,,,,,,,,,,,,,,,0,0,0,22.5,
,168,7,2012,12/16/2012,14,30-055,PIT,@,DAL,L 24-27,7,7,92,13.14,1,1,13.14,0,0,,0,,,,,,,,,,,,,,,,,,,,,,,,,,0,0,0,22.2,
,168,8,2013,11/28/2013,12,31-037,PIT,@,BAL,L 20-22,9,8,86,10.75,0,1,9.56,0,0,,0,,,,,,,,,,,,,,,,,,,,,,,,,,0,0,0,16.6,
,168,9,2011,10/30/2011,8,29-008,PIT,,NWE,W 25-17,9,7,85,12.14,0,1,9.44,0,0,,0,,,,,,,,,,,,,,,,,,,,,,,,,,0,0,0,15.5,
,168,10,2014,9/28/2014,4,31-341,PIT,,TAM,L 24-27,11,10,85,8.5,1,1,7.73,0,0,,0,,,,,,,,,,,,,,,,,,,,,,,,,,0,0,0,24.5,
,168,103,2009,12/6/2009,12,27-045,PIT,,OAK,L 24-27,3,1,27,27,0,0,9,0,0,,0,,,,,,,,,,,,,,,,,,,,,,,,,,0,0,0,3.7,
,168,117,2005,12/24/2005,15,23-063,PIT,@,CLE,W 41-0,1,1,21,21,0,1,21,0,0,,0,,,,,,,,,,,,,,,,,,,,,,,,,,0,0,0,3.1,
,168,122,2011,11/27/2011,11,29-036,PIT,@,KAN,W 13-9,2,1,20,20,0,1,10,0,0,,0,,,,,,,,,,,,,,,,,,,,,,,,,,0,0,0,3,
,168,128,2011,12/24/2011,15,29-063,PIT,,STL,W 27-0,2,1,18,18,0,1,9,0,0,,0,,,,,,,,,,,,,,,,,,,,,,,,,,0,0,0,2.8,
,168,135,2006,10/15/2006,5,23-358,PIT,,KAN,W 45-7,1,1,16,16,0,1,16,0,0,,0,,,,,,,,,,,,,,,,,,,,,,,,,,0,0,0,2.6,
,168,136,2011,9/18/2011,2,28-331,PIT,,SEA,W 24-0,3,1,16,16,0,0,5.33,0,0,,0,,,,,,,,,,,,,,,,,,,,,,,,,,0,0,0,2.6,
,169,1,1970,11/1/1970,7,27-109,RAM,@,NOR,W 30-17,,6,124,20.67,0,,,,,,,,,,,,,,,,,,,,,,,,,,,,,,,,0,0,3,21.4,11.275
,169,2,1968,10/20/1968,6,25-097,RAM,,ATL,W 27-14,,7,111,15.86,1,,,,,,,,,,,,,,,,,,,,,,,,,,,,,,,,0,0,3,27.1,
,169,3,1965,12/5/1965,12,22-143,RAM,@,STL,W 27-3,,4,86,21.5,1,,,,,,,,,,,,,,,,,,,,,,,,,,,,,,,,0,0,0,18.6,
,169,5,1967,10/15/1967,5,24-092,RAM,@,BAL,T 24-24,,6,74,12.33,0,,,,,,,,,,,,,,,,,,,,,,,,,,,,,,,,0,0,0,13.4,
,169,6,1969,10/12/1969,4,26-089,RAM,@,SFO,W 27-21,,5,71,14.2,1,,,,,,,,,,,,,,,,,,,,,,,,,,,,,,,,0,0,0,18.1,
,169,7,1968,9/22/1968,2,25-069,RAM,,PIT,W 45-10,,5,66,13.2,0,,,,,,,,,,,,,,,,,,,,,,,,,,,,,,,,0,0,0,11.6,
,169,8,1969,11/2/1969,7,26-110,RAM,@,ATL,W 38-6,,3,63,21,0,,,,,,,,,,,,,,,,,,,,,,,,,,,,,,,,0,0,0,9.3,
,169,9,1966,9/25/1966,3,23-072,RAM,@,GNB,L 13-24,,7,62,8.86,0,,,,,,,,,,,,,,,,,,,,,,,,,,,,,,,,0,0,0,13.2,
,169,10,1967,10/22/1967,6,24-099,RAM,,WAS,T 28-28,,4,62,15.5,0,,,,,,,,,,,,,,,,,,,,,,,,,,,,,,,,0,0,0,10.2,
,169,11,1970,12/14/1970,13,27-152,RAM,,DET,L 23-28,,7,60,8.57,1,,,,,,,,,,,,,,,,,,,,,,,,,,,,,,,,0,0,0,19,
,169,36,1967,10/29/1967,7,24-106,RAM,@,CHI,W 28-17,,1,28,28,0,,,,,,,,,,,,,,,,,,,,,,,,,,,,,,,,0,0,0,3.8,
,169,47,1966,10/23/1966,7,23-100,RAM,@,CHI,L 10-17,,1,21,21,0,,,,,,,,,,,,,,,,,,,,,,,,,,,,,,,,0,0,0,3.1,
,169,48,1968,11/3/1968,8,25-111,RAM,,DET,W 10-7,,1,21,21,0,,,,,,,,,,,,,,,,,,,,,,,,,,,,,,,,0,0,0,3.1,
,169,50,1966,10/30/1966,8,23-107,RAM,,BAL,L 3-17,,1,20,20,0,,,,,,,,,,,,,,,,,,,,,,,,,,,,,,,,0,0,0,3,
,169,53,1969,10/26/1969,6,26-103,RAM,@,CHI,W 9-7,,1,19,19,0,,,,,,,,,,,,,,,,,,,,,,,,,,,,,,,,0,0,0,2.9,
,169,58,1968,9/16/1968,1,25-063,RAM,@,STL,W 24-13,,1,16,16,0,,,,,,,,,,,,,,,,,,,,,,,,,,,,,,,,0,0,0,2.6,
,170,1,1990,9/23/1990,3,27-223,SFO,,ATL,W 19-13,,5,125,25,1,,,,,,,,,,,,,,,,,,,,,,,,,,,,,,,,0,0,3,26.5,12.83125
,170,2,1996,12/15/1996,15,33-307,SFO,@,PIT,W 25-15,,6,93,15.5,0,,,,,,,,,,,,,,,,,,,,,,,,,,,,,,,,0,0,0,15.3,
,170,3,1992,12/28/1992,16,29-320,SFO,,DET,W 24-6,,6,91,15.17,1,,,,,,,,,,,,,,,,,,,,,,,,,,,,,,,,0,0,0,21.1,
,170,4,1992,10/4/1992,5,29-235,SFO,,RAM,W 27-24,,4,89,22.25,0,,,,,,,,,,,,,,,,,,,,,,,,,,,,,,,,0,0,0,12.9,
,170,5,1991,9/8/1991,2,28-208,SFO,,SDG,W 34-14,,5,86,17.2,0,,,,,,,,,,,,,,,,,,,,,,,,,,,,,,,,0,0,0,13.6,
,170,6,1992,10/18/1992,7,29-249,SFO,,ATL,W 56-17,,5,86,17.2,1,,,,,,,,,,,,,,,,,,,,,,,,,,,,,,,,0,0,0,19.6,
,170,7,1989,12/11/1989,14,26-302,SFO,@,RAM,W 30-27,,7,85,12.14,0,,,,,,,,,,,,,,,,,,,,,,,,,,,,,,,,0,0,0,15.5,
,170,8,1997,11/23/1997,12,34-284,SFO,,SDG,W 17-10,,5,83,16.6,0,,,,,,,,,,,,,,,,,,,,,,,,,,,,,,,,0,0,0,13.3,
,170,9,1994,12/4/1994,13,31-295,SFO,,ATL,W 50-14,,4,81,20.25,0,,,,,,,,,,,,,,,,,,,,,,,,,,,,,,,,0,0,0,12.1,
,170,10,1991,11/17/1991,11,28-278,SFO,,PHO,W 14-10,,5,79,15.8,0,,,,,,,,,,,,,,,,,,,,,,,,,,,,,,,,0,0,0,12.9,
,170,18,1994,11/6/1994,9,31-267,SFO,@,WAS,W 37-22,,1,69,69,1,,,,,,,,,,,,,,,,,,,,,,,,,,,,,,,,0,0,0,13.9,
,170,66,1989,10/15/1989,6,26-245,SFO,@,DAL,W 31-14,,1,36,36,1,,,,,,,,,,,,,,,,,,,,,,,,,,,,,,,,0,0,0,10.6,
,170,94,1997,12/7/1997,14,34-298,SFO,,MIN,W 28-17,,1,23,23,0,,,,,,,,,,,,,,,,,,,,,,,,,,,,,,,,0,0,0,3.3,
,170,95,1987,12/20/1987,14,24-311,SFO,,ATL,W 35-7,,1,22,22,0,,,,,,,,,,,,,,,,,,,,,,,,,,,,,,,,0,0,0,3.2,
,170,98,1988,11/21/1988,12,25-283,SFO,,WAS,W 37-21,,1,18,18,1,,,,,,,,,,,,,,,,,,,,,,,,,,,,,,,,0,0,0,8.8,
,170,100,1989,10/22/1989,7,26-252,SFO,,NWE,W 37-20,,1,17,17,0,,,,,,,,,,,,,,,,,,,,,,,,,,,,,,,,0,0,0,2.7,
,171,1,1984,10/14/1984,7,28-212,CLE,,NYJ,L 20-24,,14,191,13.64,0,,,0,0,,0,,,,,,,,,,,,,,,,,,,,,,,,,,0,0,3,36.1,18.03125
,171,2,1982,12/5/1982,5,26-264,CLE,,SDG,L 13-30,,10,140,14,1,,,0,0,,0,,,,,,,,,,,,,,,,,,,,,,,,,,0,0,3,33,
,171,3,1978,11/5/1978,10,22-234,CLE,@,HOU,L 10-14,,4,124,31,0,,,0,0,,0,,,,,,,,,,,,,,,,,,,,,,,,,,0,0,3,19.4,
,171,4,1982,1/2/1983,9,26-292,CLE,@,PIT,L 21-37,,9,123,13.67,0,,,0,0,,0,,,,,,,,,,,,,,,,,,,,,,,,,,0,0,3,24.3,
,171,5,1982,9/19/1982,2,26-187,CLE,,PHI,L 21-24,,8,122,15.25,2,,,0,0,,0,,,,,,,,,,,,,,,,,,,,,,,,,,0,0,3,35.2,
,171,6,1981,10/11/1981,6,25-209,CLE,@,PIT,L 7-13,,5,120,24,1,,,1,14,14,0,,,,,,,,,,,,,,,,,,,,,,,,,,0,0,3,27.4,
,171,7,1983,11/27/1983,13,27-256,CLE,,BAL,W 41-23,,8,108,13.5,1,,,0,0,,0,,,,,,,,,,,,,,,,,,,,,,,,,,0,0,3,27.8,
,171,8,1983,10/16/1983,7,27-214,CLE,@,PIT,L 17-44,,9,103,11.44,0,,,0,0,,0,,,,,,,,,,,,,,,,,,,,,,,,,,0,0,3,22.3,
,171,9,1984,11/25/1984,13,28-254,CLE,,HOU,W 27-10,,10,102,10.2,1,,,0,0,,0,,,,,,,,,,,,,,,,,,,,,,,,,,0,0,3,29.2,
,171,10,1984,9/23/1984,4,28-191,CLE,,PIT,W 20-10,,6,99,16.5,0,,,0,0,,0,,,,,,,,,,,,,,,,,,,,,,,,,,0,0,0,15.9,
,171,107,1978,12/10/1978,15,22-269,CLE,,NYJ,W 37-34,,1,29,29,0,,,1,3,3,0,,,,,,,,,,,,,,,,,,,,,,,,,,0,0,0,4.2,
,171,133,1978,12/17/1978,16,22-276,CLE,@,CIN,L 16-48,,1,19,19,0,,,1,4,4,0,,,,,,,,,,,,,,,,,,,,,,,,,,0,0,0,3.3,
,171,140,1989,12/17/1989,15,33-276,CLE,,MIN,W 23-17,,1,18,18,0,,,0,0,,0,,,,,,,,,,,,,,,,,,,,,,,,,,0,0,0,2.8,
,171,141,1990,12/23/1990,15,34-282,CLE,@,PIT,L 0-35,,1,18,18,0,,,0,0,,0,,,,,,,,,,,,,,,,,,,,,,,,,,0,0,0,2.8,
,171,146,1980,11/23/1980,12,24-252,CLE,,CIN,W 31-7,,1,14,14,0,,,0,0,,0,,,,,,,,,,,,,,,,,,,,,,,,,,0,0,0,2.4,
,171,147,1986,9/7/1986,1,30-175,CLE,@,CHI,L 31-41,,1,14,14,0,,,0,0,,0,,,,,,,,,,,,,,,,,,,,,,,,,,0,0,0,2.4,
,172,1,2009,9/21/2009,2,30-101,IND,@,MIA,W 27-23,8,7,183,26.14,1,1,22.88,0,0,,0,,,,,,,,,,,,,,,,,,,,,,,,,,0,0,3,34.3,18.875
,172,2,2008,12/14/2008,14,29-185,IND,,DET,W 31-21,13,12,142,11.83,1,1,10.92,0,0,,0,,,,,,,,,,,,,,,,,,,,,,,,,,0,0,3,35.2,
,172,3,2005,11/20/2005,10,26-161,IND,@,CIN,W 45-37,8,6,125,20.83,1,1,15.63,0,0,,0,,,,,,,,,,,,,,,,,,,,,,,,,,0,0,3,27.5,
,172,4,2009,11/8/2009,8,30-149,IND,,HOU,W 20-17,16,14,119,8.5,0,1,7.44,1,4,4,0,,,,,,,,,,,,,,,,,,,,,,,,,,0,0,3,29.3,
,172,5,2008,12/18/2008,15,29-189,IND,@,JAX,W 31-24,10,8,105,13.13,1,1,10.5,0,0,,0,,,,,,,,,,,,,,,,,,,,,,,,,,0,0,3,27.5,
,172,6,2004,11/14/2004,9,25-155,IND,,HOU,W 49-14,3,3,102,34,2,1,34,0,0,,0,,,,,,,,,,,,,,,,,,,,,,,,,,0,0,3,28.2,
,172,7,2003,11/16/2003,10,24-157,IND,,NYJ,W 38-31,7,5,100,20,0,1,14.29,0,0,,0,,,,,,,,,,,,,,,,,,,,,,,,,,0,0,3,18,
,172,8,2009,11/1/2009,7,30-142,IND,,SFO,W 18-14,10,8,99,12.38,0,1,9.9,0,0,,0,,,,,,,,,,,,,,,,,,,,,,,,,,0,0,0,17.9,
,172,9,2009,12/17/2009,14,30-188,IND,@,JAX,W 35-31,11,7,95,13.57,2,1,8.64,0,0,,0,,,,,,,,,,,,,,,,,,,,,,,,,,0,0,0,28.5,
,172,10,2008,10/27/2008,7,29-137,IND,@,TEN,L 21-31,12,7,94,13.43,2,1,7.83,0,0,,0,,,,,,,,,,,,,,,,,,,,,,,,,,0,0,0,28.4,
,172,28,2004,9/9/2004,1,25-089,IND,@,NWE,L 24-27,4,1,64,64,0,0,16,0,0,,0,,,,,,,,,,,,,,,,,,,,,,,,,,0,0,0,7.4,
,172,79,2006,9/24/2006,3,27-104,IND,,JAX,W 21-14,4,1,30,30,1,0,7.5,0,0,,0,,,,,,,,,,,,,,,,,,,,,,,,,,0,0,0,10,
,172,99,2003,9/7/2003,1,24-087,IND,@,CLE,W 9-6,4,1,18,18,0,0,4.5,0,0,,0,,,,,,,,,,,,,,,,,,,,,,,,,,0,0,0,2.8,
,172,108,2007,12/9/2007,13,28-180,IND,@,BAL,W 44-20,3,1,15,15,0,0,5,0,0,,0,,,,,,,,,,,,,,,,,,,,,,,,,,0,0,0,2.5,
,172,114,2004,12/19/2004,14,25-190,IND,,BAL,W 20-10,2,1,13,13,0,1,6.5,0,0,,0,,,,,,,,,,,,,,,,,,,,,,,,,,0,0,0,2.3,
,172,116,2011,12/11/2011,13,32-182,IND,@,BAL,L 10-24,6,1,12,12,0,0,2,0,0,,0,,,,,,,,,,,,,,,,,,,,,,,,,,0,0,0,2.2,
,173,1,1991,10/27/1991,8,29-003,DAL,@,DET,L 10-34,,10,131,13.1,0,,,0,0,,0,,,,,,,,,,,,,,,,,,,,,,,,,,0,0,3,26.1,15.025
,173,2,1991,10/6/1991,6,28-347,DAL,@,GNB,W 20-17,,11,121,11,1,,,0,0,,0,,,,,,,,,,,,,,,,,,,,,,,,,,0,0,3,32.1,
,173,3,1993,9/12/1993,2,30-323,DAL,,BUF,L 10-13,14,8,106,13.25,0,1,7.57,0,0,,0,,,,,,,,,,,,,,,,,,,,,,,,,,0,0,3,21.6,
,173,4,1990,10/28/1990,8,28-004,DAL,,PHI,L 20-21,,7,105,15,1,,,0,0,,0,,,,,,,,,,,,,,,,,,,,,,,,,,0,0,3,26.5,
,173,8,1995,9/4/1995,1,32-315,DAL,@,NYG,W 35-0,5,5,91,18.2,0,1,18.2,0,0,,0,,,,,,,,,,,,,,,,,,,,,,,,,,0,0,0,14.1,
,173,9,1990,11/22/1990,12,28-029,DAL,,WAS,W 27-17,,4,88,22,0,,,0,0,,0,,,,,,,,,,,,,,,,,,,,,,,,,,0,0,0,12.8,
,173,10,1992,12/6/1992,13,30-043,DAL,@,DEN,W 31-27,8,7,87,12.43,1,1,10.88,0,0,,0,,,,,,,,,,,,,,,,,,,,,,,,,,0,0,0,21.7,
,173,11,1990,9/30/1990,4,27-341,DAL,@,NYG,L 17-31,,9,85,9.44,1,,,0,0,,0,,,,,,,,,,,,,,,,,,,,,,,,,,0,0,0,23.5,
,173,12,1995,10/8/1995,6,32-349,DAL,,GNB,W 34-24,8,7,83,11.86,1,1,10.38,0,0,,0,,,,,,,,,,,,,,,,,,,,,,,,,,0,0,0,21.3,
,173,14,1991,11/10/1991,10,29-017,DAL,@,HOU,L 23-26,,5,75,15,0,,,0,0,,0,,,,,,,,,,,,,,,,,,,,,,,,,,0,0,0,12.5,
,173,74,1990,12/30/1990,16,28-067,DAL,@,ATL,L 7-26,,1,27,27,1,,,0,0,,0,,,,,,,,,,,,,,,,,,,,,,,,,,0,0,0,9.7,
,173,79,1991,10/13/1991,7,28-354,DAL,,CIN,W 35-23,,1,26,26,1,,,0,0,,0,,,,,,,,,,,,,,,,,,,,,,,,,,0,0,0,9.6,
,173,92,1990,11/11/1990,10,28-018,DAL,,SFO,L 6-24,,1,17,17,0,,,0,0,,0,,,,,,,,,,,,,,,,,,,,,,,,,,0,0,0,2.7,
,173,98,1995,12/10/1995,14,33-047,DAL,@,PHI,L 17-20,5,1,15,15,0,0,3,0,0,,0,,,,,,,,,,,,,,,,,,,,,,,,,,0,0,0,2.5,
,173,105,1994,12/4/1994,13,32-041,DAL,@,PHI,W 31-19,1,1,9,9,0,1,9,0,0,,0,,,,,,,,,,,,,,,,,,,,,,,,,,0,0,0,1.9,
,173,106,1991,12/22/1991,16,29-059,DAL,,ATL,W 31-27,,1,8,8,0,,,0,0,,0,,,,,,,,,,,,,,,,,,,,,,,,,,0,0,0,1.8,
,174,1,2013,9/29/2013,4,37-214,ATL,,NWE,L 23-30,14,12,149,12.42,2,1,10.64,0,0,,0,0,0,,0,0,0,,,,,,,,,,,,,,,,,,,,0,0,3,41.9,17.49375
,174,14,2012,10/7/2012,5,36-223,ATL,@,WAS,W 24-17,14,13,123,9.46,1,1,8.79,0,0,,0,0,0,,0,0,0,,,,,,,,,,,,,,,,,,,,0,0,3,34.3,
,174,15,2012,11/11/2012,9,36-258,ATL,@,NOR,L 27-31,15,11,122,11.09,2,1,8.13,0,0,,0,0,0,,0,0,0,,,,,,,,,,,,,,,,,,,,0,0,3,38.2,
,174,22,2010,9/26/2010,3,34-211,ATL,@,NOR,W 27-24,9,8,110,13.75,1,1,12.22,0,0,,0,0,0,,0,0,0,,,,,,,,,,,,,,,,,,,,0,0,3,28,
,174,31,2011,12/4/2011,12,35-280,ATL,@,HOU,L 10-17,10,7,100,14.29,0,1,10,0,0,,0,0,0,,0,0,0,,,,,,,,,,,,,,,,,,,,0,0,3,20,
,174,35,2013,10/7/2013,5,37-222,ATL,,NYJ,L 28-30,14,10,97,9.7,0,1,6.93,0,0,,0,0,0,,0,0,0,,,,,,,,,,,,,,,,,,,,0,0,0,19.7,
,174,41,2012,9/23/2012,3,36-209,ATL,@,SDG,W 27-3,12,9,91,10.11,1,1,7.58,0,0,,0,0,0,,0,0,0,,,,,,,,,,,,,,,,,,,,0,0,0,24.1,
,174,43,2009,11/2/2009,7,33-248,ATL,@,NOR,L 27-35,9,6,89,14.83,0,1,9.89,0,0,,0,0,0,,0,0,0,,,,,,,,,,,,,,,,,,,,0,0,0,14.9,
,174,52,2009,11/29/2009,11,33-275,ATL,,TAM,W 20-17,12,9,83,9.22,0,1,6.92,0,0,,0,0,0,,0,0,0,,,,,,,,,,,,,,,,,,,,0,0,0,17.3,
,174,53,2011,9/18/2011,2,35-203,ATL,,PHI,W 35-31,9,7,83,11.86,2,1,9.22,0,0,,0,0,0,,0,0,0,,,,,,,,,,,,,,,,,,,,0,0,0,27.3,
,174,247,2009,9/27/2009,3,33-212,ATL,@,NWE,L 10-26,2,1,16,16,0,1,8,0,0,,0,0,0,,0,0,0,,,,,,,,,,,,,,,,,,,,0,0,0,2.6,
,174,250,2011,12/15/2011,14,35-291,ATL,,JAX,W 41-14,2,1,14,14,0,1,7,0,0,,0,0,0,,0,0,0,,,,,,,,,,,,,,,,,,,,0,0,0,2.4,
,174,259,2012,12/22/2012,15,36-299,ATL,@,DET,W 31-18,2,1,9,9,0,1,4.5,0,0,,0,0,0,,0,0,0,,,,,,,,,,,,,,,,,,,,0,0,0,1.9,
,174,261,2011,1/1/2012,16,35-308,ATL,,TAM,W 45-24,1,1,8,8,0,1,8,0,0,,0,0,0,,0,0,0,,,,,,,,,,,,,,,,,,,,0,0,0,1.8,
,174,191,2010,9/12/2010,1,34-197,ATL,@,PIT,L 9-15,5,2,35,17.5,0,0,7,0,0,,0,0,0,,0,0,0,,,,,,,,,,,,,,,,,,,,0,0,0,5.5,
,174,205,2013,10/20/2013,6,37-235,ATL,,TAM,W 31-23,4,2,30,15,0,1,7.5,0,0,,0,0,0,,0,0,0,,,,,,,,,,,,,,,,,,,,0,0,0,5,
,175,1,1980,12/22/1980,16,23-047,SDG,,PIT,W 26-17,,10,171,17.1,0,,,,,,,0,0,,0,0,0,,,,,,,,,,,,,,,,,,,,0,0,3,30.1,23.8125
,175,2,1983,12/11/1983,15,26-036,SDG,,KAN,W 41-38,,14,162,11.57,3,,,,,,,0,0,,0,0,0,,,,,,,,,,,,,,,,,,,,0,0,3,51.2,
,175,3,1984,10/7/1984,6,26-337,SDG,@,GNB,W 34-28,,15,157,10.47,0,,,,,,,0,0,,0,0,0,,,,,,,,,,,,,,,,,,,,0,0,3,33.7,
,175,4,1980,11/2/1980,9,22-363,SDG,@,CIN,W 31-14,,9,153,17,1,,,,,,,0,0,,0,0,0,,,,,,,,,,,,,,,,,,,,0,0,3,33.3,
,175,5,1984,9/16/1984,3,26-316,SDG,,HOU,W 31-14,,10,146,14.6,0,,,,,,,0,0,,0,0,0,,,,,,,,,,,,,,,,,,,,0,0,3,27.6,
,175,6,1981,11/22/1981,12,24-017,SDG,@,OAK,W 55-21,,13,144,11.08,5,,,,,,,0,1,0,0,0,0,,,,,,,,,,,,,,,,,,,,0,0,3,60.4,
,175,7,1980,9/14/1980,2,22-314,SDG,,OAK,W 30-24,,9,132,14.67,1,,,,,,,0,0,,0,0,0,,,,,,,,,,,,,,,,,,,,0,0,3,31.2,
,175,8,1981,12/6/1981,14,24-031,SDG,,BUF,L 27-28,,6,126,21,1,,,,,,,0,0,,0,0,0,,,,,,,,,,,,,,,,,,,,0,0,3,27.6,
,175,9,1982,12/26/1982,8,25-051,SDG,,BAL,W 44-26,,7,120,17.14,3,,,,,,,0,0,,0,0,0,,,,,,,,,,,,,,,,,,,,0,0,3,40,
,175,10,1984,9/24/1984,4,26-324,SDG,@,RAI,L 30-33,,9,119,13.22,1,,,,,,,0,0,,0,0,0,,,,,,,,,,,,,,,,,,,,0,0,3,29.9,
,175,67,1980,12/7/1980,14,23-032,SDG,@,WAS,L 17-40,,1,42,42,0,,,,,,,,,,,,,,,,,,,,,,,,,,,,,,,,0,0,0,5.2,
,175,100,1985,12/1/1985,13,28-026,SDG,,BUF,W 40-7,,1,17,17,0,,,,,,,,,,,,,,,,,,,,,,,,,,,,,,,,0,0,0,2.7,
,175,101,1985,12/15/1985,15,28-040,SDG,,PHI,W 20-14,,1,16,16,0,,,,,,,,,,,,,,,,,,,,,,,,,,,,,,,,0,0,0,2.6,
,175,103,1985,12/22/1985,16,28-047,SDG,@,KAN,L 34-38,,1,13,13,0,,,,,,,,,,,,,,,,,,,,,,,,,,,,,,,,0,0,0,2.3,
,175,105,1987,9/20/1987,2,29-319,SDG,,STL,W 28-24,,1,8,8,0,,,,,,,,,,,,,,,,,,,,,,,,,,,,,,,,0,0,0,1.8,
,175,106,1985,12/8/1985,14,28-033,SDG,,PIT,W 54-44,,1,4,4,0,,,,,,,,,,,,,,,,,,,,,,,,,,,,,,,,0,0,0,1.4,
,176,1,2002,10/20/2002,7,34-116,DEN,@,KAN,W 37-34,14,12,214,17.83,2,1,15.29,0,0,,0,,,,,,,,,,,,,,,,,,,,,,,,,,0,0,3,48.4,22.375
,176,2,1995,9/3/1995,1,27-069,DEN,,BUF,W 22-7,14,10,180,18,0,1,12.86,0,0,,0,,,,,,,,,,,,,,,,,,,,,,,,,,0,0,3,31,
,176,3,1997,11/9/1997,10,29-136,DEN,,CAR,W 34-0,9,8,174,21.75,0,1,19.33,0,0,,0,,,,,,,,,,,,,,,,,,,,,,,,,,0,0,3,28.4,
,176,4,1997,12/21/1997,16,29-178,DEN,,SDG,W 38-3,8,8,162,20.25,1,1,20.25,0,0,,0,,,,,,,,,,,,,,,,,,,,,,,,,,0,0,3,33.2,
,176,5,1996,10/20/1996,7,28-116,DEN,,BAL,W 45-34,10,9,161,17.89,0,1,16.1,0,0,,0,,,,,,,,,,,,,,,,,,,,,,,,,,0,0,3,28.1,
,176,6,1996,10/6/1996,6,28-102,DEN,,SDG,W 28-17,13,13,153,11.77,3,1,11.77,0,0,,0,,,,,,,,,,,,,,,,,,,,,,,,,,0,0,3,49.3,
,176,7,1997,11/24/1997,12,29-151,DEN,,OAK,W 31-3,12,10,142,14.2,0,1,11.83,0,0,,0,,,,,,,,,,,,,,,,,,,,,,,,,,0,0,3,27.2,
,176,8,1995,11/19/1995,11,27-146,DEN,,SDG,W 30-27,10,8,137,17.13,1,1,13.7,0,0,,0,,,,,,,,,,,,,,,,,,,,,,,,,,0,0,3,30.7,
,176,9,1996,9/22/1996,4,28-088,DEN,@,KAN,L 14-17,15,9,131,14.56,0,1,8.73,0,0,,0,,,,,,,,,,,,,,,,,,,,,,,,,,0,0,3,25.1,
,176,10,1994,10/23/1994,7,26-119,DEN,@,SDG,W 20-15,6,6,121,20.17,1,1,20.17,0,0,,0,,,,,,,,,,,,,,,,,,,,,,,,,,0,0,3,27.1,
,176,119,1991,9/8/1991,2,23-074,DEN,@,RAI,L 13-16,,1,37,37,0,,,0,0,,0,,,,,,,,,,,,,,,,,,,,,,,,,,0,0,0,4.7,
,176,131,1990,11/22/1990,11,22-149,DEN,@,DET,L 27-40,,1,33,33,0,,,0,0,,0,,,,,,,,,,,,,,,,,,,,,,,,,,0,0,0,4.3,
,176,146,1991,11/17/1991,11,23-144,DEN,@,KAN,W 24-20,,1,24,24,0,,,1,15,15,0,,,,,,,,,,,,,,,,,,,,,,,,,,0,0,0,4.9,
,176,147,1998,12/6/1998,13,30-163,DEN,,KAN,W 35-31,3,1,24,24,1,0,8,0,0,,0,,,,,,,,,,,,,,,,,,,,,,,,,,0,0,0,9.4,
,176,150,2003,9/7/2003,1,35-073,DEN,@,CIN,W 30-10,6,1,23,23,0,0,3.83,0,0,,0,,,,,,,,,,,,,,,,,,,,,,,,,,0,0,0,3.3,
,176,155,1997,10/6/1997,6,29-102,DEN,,NWE,W 34-13,2,1,19,19,0,1,9.5,0,0,,0,,,,,,,,,,,,,,,,,,,,,,,,,,0,0,0,2.9,
,177,1,1972,9/24/1972,2,23-344,NYJ,@,BAL,W 44-34,,6,204,34,3,,,0,0,,0,,,,,,,,,,,,,,,,,,,,,,,,,,0,0,3,47.4,21.0625
,177,2,1970,10/4/1970,3,21-353,NYJ,@,BUF,L 31-34,,4,138,34.5,1,,,0,0,,0,,,,,,,,,,,,,,,,,,,,,,,,,,0,0,3,26.8,
,177,3,1974,12/1/1974,12,26-046,NYJ,,SDG,W 27-14,,7,137,19.57,0,,,0,0,,0,,,,,,,,,,,,,,,,,,,,,,,,,,0,0,3,23.7,
,177,4,1973,11/18/1973,10,25-033,NYJ,@,CIN,L 14-20,,9,131,14.56,1,,,0,0,,0,,,,,,,,,,,,,,,,,,,,,,,,,,0,0,3,31.1,
,177,5,1971,11/28/1971,11,23-043,NYJ,,SFO,L 21-24,,5,126,25.2,2,,,1,-7,-7,0,,,,,,,,,,,,,,,,,,,,,,,,,,0,0,3,31.9,
,177,6,1974,10/7/1974,4,25-356,NYJ,@,MIA,L 17-21,,3,117,39,1,,,0,0,,0,,,,,,,,,,,,,,,,,,,,,,,,,,0,0,3,23.7,
,177,7,1975,10/26/1975,6,27-010,NYJ,,BAL,L 28-45,,3,115,38.33,0,,,0,0,,0,,,,,,,,,,,,,,,,,,,,,,,,,,0,0,3,17.5,
,177,8,1975,10/5/1975,3,26-354,NYJ,,NWE,W 36-7,,6,110,18.33,2,,,0,0,,0,,,,,,,,,,,,,,,,,,,,,,,,,,0,0,3,32,
,177,9,1975,9/21/1975,1,26-340,NYJ,@,BUF,L 14-42,,6,103,17.17,1,,,0,0,,0,,,,,,,,,,,,,,,,,,,,,,,,,,0,0,3,25.3,
,177,10,1974,11/24/1974,11,26-039,NYJ,,MIA,W 17-14,,6,100,16.67,2,,,0,0,,0,,,,,,,,,,,,,,,,,,,,,,,,,,0,0,3,31,
,177,33,1977,11/20/1977,10,29-035,NYJ,@,BAL,L 12-33,,1,58,58,0,,,0,0,,0,,,,,,,,,,,,,,,,,,,,,,,,,,0,0,0,6.8,
,177,45,1972,10/22/1972,6,24-006,NYJ,,BAL,W 24-20,,1,49,49,0,,,0,0,,0,,,,,,,,,,,,,,,,,,,,,,,,,,0,0,0,5.9,
,177,59,1972,9/17/1972,1,23-337,NYJ,@,BUF,W 41-24,,1,36,36,0,,,0,0,,0,,,,,,,,,,,,,,,,,,,,,,,,,,0,0,0,4.6,
,177,71,1970,11/15/1970,9,22-030,NYJ,@,RAM,W 31-20,,1,29,29,1,,,0,0,,0,,,,,,,,,,,,,,,,,,,,,,,,,,0,0,0,9.9,
,177,73,1973,10/21/1973,6,25-005,NYJ,@,PIT,L 14-26,,1,28,28,1,,,0,0,,0,,,,,,,,,,,,,,,,,,,,,,,,,,0,0,0,9.8,
,177,77,1972,11/12/1972,9,24-027,NYJ,,BUF,W 41-3,,1,26,26,1,,,0,0,,0,,,,,,,,,,,,,,,,,,,,,,,,,,0,0,0,9.6,
,178,1,1994,9/4/1994,1,25-019,NWE,@,MIA,L 35-39,11,8,161,20.13,2,1,14.64,0,0,,0,,,,,,,,,,,,,,,,,,,,,,,,,,0,0,3,39.1,19.21875
,178,2,1996,11/3/1996,9,27-079,NWE,,MIA,W 42-23,6,5,135,27,2,1,22.5,0,0,,0,,,,,,,,,,,,,,,,,,,,,,,,,,0,0,3,33.5,
,178,3,1994,9/11/1994,2,25-026,NWE,,BUF,L 35-38,11,9,124,13.78,2,1,11.27,0,0,,0,,,,,,,,,,,,,,,,,,,,,,,,,,0,0,3,36.4,
,178,4,1994,10/9/1994,6,25-054,NWE,,RAI,L 17-21,13,9,123,13.67,0,1,9.46,0,0,,0,,,,,,,,,,,,,,,,,,,,,,,,,,0,0,3,24.3,
,178,5,1994,11/27/1994,12,25-103,NWE,@,IND,W 12-10,13,12,119,9.92,0,1,9.15,0,0,,0,,,,,,,,,,,,,,,,,,,,,,,,,,0,0,3,26.9,
,178,6,1998,11/1/1998,8,29-077,NWE,@,IND,W 21-16,12,10,109,10.9,1,1,9.08,0,0,,0,,,,,,,,,,,,,,,,,,,,,,,,,,0,0,3,29.9,
,178,7,1993,10/31/1993,8,24-076,NWE,@,IND,L 6-9,6,6,108,18,0,1,18,0,0,,0,,,,,,,,,,,,,,,,,,,,,,,,,,0,0,3,19.8,
,178,8,1994,9/18/1994,3,25-033,NWE,@,CIN,W 31-28,9,8,108,13.5,0,1,12,0,0,,0,,,,,,,,,,,,,,,,,,,,,,,,,,0,0,3,21.8,
,178,9,1995,9/3/1995,1,26-018,NWE,,CLE,W 17-14,11,9,106,11.78,0,1,9.64,0,0,,0,,,,,,,,,,,,,,,,,,,,,,,,,,0,0,3,22.6,
,178,10,1993,1/2/1994,16,24-139,NWE,,MIA,W 33-27,8,6,95,15.83,2,1,11.88,0,0,,0,,,,,,,,,,,,,,,,,,,,,,,,,,0,0,0,27.5,
,178,39,1993,9/5/1993,1,24-020,NWE,@,BUF,L 14-38,2,1,54,54,1,1,27,0,0,,0,,,,,,,,,,,,,,,,,,,,,,,,,,0,0,0,12.4,
,178,94,1999,12/26/1999,15,30-132,NWE,,BUF,L 10-13,1,1,20,20,0,1,20,0,0,,0,,,,,,,,,,,,,,,,,,,,,,,,,,0,0,0,3,
,178,98,1999,10/10/1999,5,30-055,NWE,@,KAN,L 14-16,2,1,18,18,0,1,9,0,0,,0,,,,,,,,,,,,,,,,,,,,,,,,,,0,0,0,2.8,
,178,99,1991,10/20/1991,7,22-065,NWE,,MIN,W 26-23,,1,17,17,0,,,0,0,,0,,,,,,,,,,,,,,,,,,,,,,,,,,0,0,0,2.7,
,178,102,1992,12/27/1992,16,23-133,NWE,,MIA,L 13-16,2,1,16,16,0,1,8,0,0,,0,,,,,,,,,,,,,,,,,,,,,,,,,,0,0,0,2.6,
,178,109,1996,11/24/1996,12,27-100,NWE,,IND,W 27-13,1,1,12,12,0,1,12,0,0,,0,,,,,,,,,,,,,,,,,,,,,,,,,,0,0,0,2.2,
,179,3,1976,10/3/1976,4,25-007,OAK,@,NWE,L 17-48,,12,136,11.33,0,,,0,0,,0,,,,,,,,,,,,,,,,,,,,,,,,,,0,0,3,28.6,15.9625
,179,4,1976,9/12/1976,1,24-352,OAK,,PIT,W 31-28,,7,124,17.71,2,,,0,0,,0,,,,,,,,,,,,,,,,,,,,,,,,,,0,0,3,34.4,
,179,6,1978,11/5/1978,10,27-040,OAK,@,KAN,W 20-10,,7,112,16,0,,,0,0,,0,,,,,,,,,,,,,,,,,,,,,,,,,,0,0,3,21.2,
,179,7,1976,10/10/1976,5,25-014,OAK,@,SDG,W 27-17,,7,104,14.86,1,,,0,0,,0,,,,,,,,,,,,,,,,,,,,,,,,,,0,0,3,26.4,
,179,9,1977,10/3/1977,3,26-007,OAK,@,KAN,W 37-28,,7,101,14.43,0,,,0,0,,0,,,,,,,,,,,,,,,,,,,,,,,,,,0,0,3,20.1,
,179,10,1978,9/10/1978,2,26-349,OAK,@,SDG,W 21-20,,5,100,20,1,,,0,0,,0,,,,,,,,,,,,,,,,,,,,,,,,,,0,0,3,24,
,179,13,1979,10/21/1979,8,28-025,OAK,@,NYJ,L 19-28,,6,93,15.5,0,,,0,0,,0,,,,,,,,,,,,,,,,,,,,,,,,,,0,0,0,15.3,
,179,15,1977,10/23/1977,6,26-027,OAK,@,NYJ,W 28-27,,7,92,13.14,1,,,0,0,,0,,,,,,,,,,,,,,,,,,,,,,,,,,0,0,0,22.2,
,179,16,1979,9/30/1979,5,28-004,OAK,,DEN,W 27-3,,4,92,23,1,,,0,0,,0,,,,,,,,,,,,,,,,,,,,,,,,,,0,0,0,19.2,
,179,17,1979,11/18/1979,12,28-053,OAK,,KAN,L 21-24,,7,91,13,0,,,0,0,,0,,,,,,,,,,,,,,,,,,,,,,,,,,0,0,0,16.1,
,179,75,1976,10/24/1976,7,25-028,OAK,,GNB,W 18-14,,1,27,27,1,,,0,0,,0,,,,,,,,,,,,,,,,,,,,,,,,,,0,0,0,9.7,
,179,85,1976,11/7/1976,9,25-042,OAK,@,CHI,W 28-27,,1,17,17,1,,,0,0,,0,,,,,,,,,,,,,,,,,,,,,,,,,,0,0,0,8.7,
,179,89,1975,9/22/1975,1,23-361,OAK,@,MIA,W 31-21,,1,16,16,0,,,0,0,,0,,,,,,,,,,,,,,,,,,,,,,,,,,0,0,0,2.6,
,179,90,1977,11/20/1977,10,26-055,OAK,@,SDG,L 7-12,,1,16,16,0,,,0,0,,0,,,,,,,,,,,,,,,,,,,,,,,,,,0,0,0,2.6,
,179,91,1976,9/26/1976,3,25-000,OAK,@,HOU,W 14-13,,1,15,15,0,,,0,0,,0,,,,,,,,,,,,,,,,,,,,,,,,,,0,0,0,2.5,
,179,98,1976,11/21/1976,11,25-056,OAK,@,PHI,W 26-7,,1,8,8,0,,,0,0,,0,,,,,,,,,,,,,,,,,,,,,,,,,,0,0,0,1.8,
,180,1,2008,9/7/2008,1,27-245,TEN,,JAX,W 17-10,6,6,105,17.5,0,1,17.5,0,0,,0,,,,,,,,,,,,,,,,,,,,,,,,,,0,0,3,19.5,9.375
,180,2,2008,11/9/2008,9,27-308,TEN,@,CHI,W 21-14,11,10,78,7.8,1,1,7.09,0,0,,0,,,,,,,,,,,,,,,,,,,,,,,,,,0,0,0,23.8,
,180,3,2008,10/5/2008,5,27-273,TEN,@,BAL,W 13-10,8,7,72,10.29,0,1,9,0,0,,0,,,,,,,,,,,,,,,,,,,,,,,,,,0,0,0,14.2,
,180,4,2006,11/5/2006,8,25-303,TEN,@,JAX,L 7-37,10,5,70,14,0,1,7,0,0,,0,,,,,,,,,,,,,,,,,,,,,,,,,,0,0,0,12,
,180,5,2009,11/29/2009,11,28-327,TEN,,ARI,W 20-17,10,5,68,13.6,0,1,6.8,0,0,,0,,,,,,,,,,,,,,,,,,,,,,,,,,0,0,0,11.8,
,180,6,2005,11/6/2005,9,24-304,TEN,@,CLE,L 14-20,8,5,59,11.8,0,1,7.38,0,0,,0,,,,,,,,,,,,,,,,,,,,,,,,,,0,0,0,10.9,
,180,7,2007,12/2/2007,12,26-330,TEN,,HOU,W 28-20,6,4,57,14.25,0,1,9.5,0,0,,0,,,,,,,,,,,,,,,,,,,,,,,,,,0,0,0,9.7,
,180,8,2009,12/6/2009,12,28-334,TEN,@,IND,L 17-27,5,5,56,11.2,1,1,11.2,0,0,,0,,,,,,,,,,,,,,,,,,,,,,,,,,0,0,0,16.6,
,180,9,2005,12/4/2005,12,24-332,TEN,@,IND,L 3-35,10,6,53,8.83,0,1,5.3,0,0,,0,,,,,,,,,,,,,,,,,,,,,,,,,,0,0,0,11.3,
,180,10,2006,9/17/2006,2,25-254,TEN,@,SDG,L 7-40,4,3,53,17.67,0,1,13.25,0,0,,0,,,,,,,,,,,,,,,,,,,,,,,,,,0,0,0,8.3,
,180,62,2006,9/10/2006,1,25-247,TEN,,NYJ,L 16-23,4,1,12,12,0,0,3,0,0,,0,,,,,,,,,,,,,,,,,,,,,,,,,,0,0,0,2.2,
,180,64,2007,12/23/2007,15,26-351,TEN,,NYJ,W 10-6,1,1,12,12,0,1,12,0,0,,0,,,,,,,,,,,,,,,,,,,,,,,,,,0,0,0,2.2,
,180,67,2010,11/28/2010,11,29-326,TEN,@,HOU,L 0-20,2,1,10,10,0,1,5,0,0,,0,,,,,,,,,,,,,,,,,,,,,,,,,,0,0,0,2,
,180,68,2005,10/16/2005,6,24-283,TEN,,CIN,L 23-31,1,1,9,9,0,1,9,0,0,,0,,,,,,,,,,,,,,,,,,,,,,,,,,0,0,0,1.9,
,180,70,2007,9/16/2007,2,26-253,TEN,,IND,L 20-22,4,1,8,8,0,0,2,0,0,,0,,,,,,,,,,,,,,,,,,,,,,,,,,0,0,0,1.8,
,180,71,2008,11/27/2008,12,27-326,TEN,@,DET,W 47-10,1,1,8,8,0,1,8,0,0,,0,,,,,,,,,,,,,,,,,,,,,,,,,,0,0,0,1.8,
,181,1,2014,10/12/2014,6,29-081,BUF,,NWE,L 22-37,9,6,105,17.5,0,1,11.67,,,,,,,,,,,,,,,,,,,,,,,,,,,,,,0,0,3,19.5,11.4
,181,2,2014,12/7/2014,13,29-137,BUF,@,DEN,L 17-24,11,8,81,10.13,0,1,7.36,,,,,,,,,,,,,,,,,,,,,,,,,,,,,,0,0,0,16.1,
,181,3,2013,9/22/2013,3,28-061,BUF,@,NYJ,L 20-27,6,5,79,15.8,1,1,13.17,,,,,,,,,,,,,,,,,,,,,,,,,,,,,,0,0,0,18.9,
,181,4,2014,9/21/2014,3,29-060,BUF,,SDG,L 10-22,5,5,74,14.8,0,1,14.8,,,,,,,,,,,,,,,,,,,,,,,,,,,,,,0,0,0,12.4,
,181,5,2013,10/27/2013,8,28-096,BUF,@,NOR,L 17-35,11,7,72,10.29,0,1,6.55,,,,,,,,,,,,,,,,,,,,,,,,,,,,,,0,0,0,14.2,
,181,6,2011,11/20/2011,10,26-120,BUF,@,MIA,L 8-35,6,5,71,14.2,0,1,11.83,,,,,,,,,,,,,,,,,,,,,,,,,,,,,,0,0,0,12.1,
,181,7,2012,12/9/2012,13,27-139,BUF,,STL,L 12-15,5,5,71,14.2,0,1,14.2,,,,,,,,,,,,,,,,,,,,,,,,,,,,,,0,0,0,12.1,
,181,8,2012,11/11/2012,9,27-111,BUF,@,NWE,L 31-37,8,5,65,13,1,1,8.13,,,,,,,,,,,,,,,,,,,,,,,,,,,,,,0,0,0,17.5,
,181,9,2011,9/11/2011,1,26-050,BUF,@,KAN,W 41-7,5,5,63,12.6,2,1,12.6,,,,,,,,,,,,,,,,,,,,,,,,,,,,,,0,0,0,23.3,
,181,10,2013,12/1/2013,12,28-131,BUF,,ATL,L 31-34,6,4,63,15.75,0,1,10.5,,,,,,,,,,,,,,,,,,,,,,,,,,,,,,0,0,0,10.3,
,181,41,2012,12/23/2012,15,27-153,BUF,@,MIA,L 10-24,1,1,25,25,0,1,25,,,,,,,,,,,,,,,,,,,,,,,,,,,,,,0,0,0,3.5,
,181,50,2014,12/28/2014,16,29-158,BUF,@,NWE,W 17-9,1,1,20,20,0,1,20,,,,,,,,,,,,,,,,,,,,,,,,,,,,,,0,0,0,3,
,181,56,2014,10/26/2014,8,29-095,BUF,@,NYJ,W 43-23,2,1,12,12,1,1,6,,,,,,,,,,,,,,,,,,,,,,,,,,,,,,0,0,0,8.2,
,181,57,2012,12/2/2012,12,27-132,BUF,,JAX,W 34-18,4,1,11,11,1,0,2.75,,,,,,,,,,,,,,,,,,,,,,,,,,,,,,0,0,0,8.1,
,181,61,2010,12/19/2010,14,25-149,BUF,@,MIA,W 17-14,1,1,8,8,0,1,8,,,,,,,,,,,,,,,,,,,,,,,,,,,,,,0,0,0,1.8,
,181,64,2011,10/9/2011,5,26-078,BUF,,PHI,W 31-24,1,1,4,4,0,1,4,,,,,,,,,,,,,,,,,,,,,,,,,,,,,,0,0,0,1.4,
,182,1,1986,11/2/1986,9,25-296,MIN,@,WAS,L 38-44,,6,179,29.83,1,,,0,0,,0,,,,,,,,,,,,,,,,,,,,,,,,,,0,0,3,32.9,16.425
,182,2,1986,9/28/1986,4,25-261,MIN,,GNB,W 42-7,,6,112,18.67,2,,,0,0,,0,,,,,,,,,,,,,,,,,,,,,,,,,,0,0,3,32.2,
,182,3,1986,11/30/1986,13,25-324,MIN,,TAM,W 45-13,,7,97,13.86,1,,,0,0,,0,,,,,,,,,,,,,,,,,,,,,,,,,,0,0,0,22.7,
,182,4,1990,10/7/1990,5,29-270,MIN,,DET,L 27-34,,7,95,13.57,0,,,0,0,,0,,,,,,,,,,,,,,,,,,,,,,,,,,0,0,0,16.5,
,182,5,1985,10/20/1985,7,24-283,MIN,,SDG,W 21-17,,8,91,11.38,0,,,0,0,,0,,,,,,,,,,,,,,,,,,,,,,,,,,0,0,0,17.1,
,182,6,1990,9/9/1990,1,29-242,MIN,@,KAN,L 21-24,,4,90,22.5,1,,,0,0,,0,,,,,,,,,,,,,,,,,,,,,,,,,,0,0,0,19,
,182,7,1991,9/1/1991,1,30-234,MIN,@,CHI,L 6-10,,8,89,11.13,0,,,0,0,,0,,,,,,,,,,,,,,,,,,,,,,,,,,0,0,0,16.9,
,182,8,1988,11/6/1988,10,27-301,MIN,,DET,W 44-17,,8,88,11,1,,,0,0,,0,,,,,,,,,,,,,,,,,,,,,,,,,,0,0,0,22.8,
,182,9,1989,12/17/1989,15,28-341,MIN,@,CLE,L 17-23,,6,87,14.5,1,,,0,0,,0,,,,,,,,,,,,,,,,,,,,,,,,,,0,0,0,20.7,
,182,10,1986,12/21/1986,16,25-345,MIN,,NOR,W 33-17,,7,85,12.14,2,,,0,0,,0,,,,,,,,,,,,,,,,,,,,,,,,,,0,0,0,27.5,
,182,31,1992,11/2/1992,8,31-297,MIN,@,CHI,W 38-10,1,1,60,60,1,1,60,0,0,,0,,,,,,,,,,,,,,,,,,,,,,,,,,0,0,0,13,
,182,76,1987,9/20/1987,2,26-253,MIN,@,RAM,W 21-16,,1,38,38,0,,,0,0,,0,,,,,,,,,,,,,,,,,,,,,,,,,,0,0,0,4.8,
,182,77,1990,9/23/1990,3,29-256,MIN,@,CHI,L 16-19,,1,38,38,0,,,0,0,,0,,,,,,,,,,,,,,,,,,,,,,,,,,0,0,0,4.8,
,182,89,1989,12/25/1989,16,28-349,MIN,,CIN,W 29-21,,1,32,32,0,,,0,0,,0,,,,,,,,,,,,,,,,,,,,,,,,,,0,0,0,4.2,
,182,94,1982,1/3/1983,9,21-358,MIN,,DAL,W 31-27,,1,29,29,0,,,0,0,,0,,,,,,,,,,,,,,,,,,,,,,,,,,0,0,0,3.9,
,182,97,1983,10/2/1983,5,22-265,MIN,,DAL,L 24-37,,1,28,28,0,,,0,0,,0,,,,,,,,,,,,,,,,,,,,,,,,,,0,0,0,3.8,
,183,1,2004,11/14/2004,9,26-327,ATL,,TAM,W 24-14,5,4,118,29.5,1,1,23.6,,,,,,,,,,,,,,,,,,,,,,,,,,,,,,0,0,3,24.8,15.20625
,183,2,2006,10/22/2006,6,28-303,ATL,,PIT,W 41-38,8,6,117,19.5,3,1,14.63,,,,,,,,,,,,,,,,,,,,,,,,,,,,,,0,0,3,38.7,
,183,3,2005,11/24/2005,11,27-336,ATL,@,DET,W 27-7,11,7,104,14.86,2,1,9.45,,,,,,,,,,,,,,,,,,,,,,,,,,,,,,0,0,3,32.4,
,183,4,2004,11/28/2004,11,26-341,ATL,,NOR,W 24-21,7,4,103,25.75,1,1,14.71,,,,,,,,,,,,,,,,,,,,,,,,,,,,,,0,0,3,23.3,
,183,5,2005,10/9/2005,5,27-290,ATL,,NWE,L 28-31,9,6,99,16.5,1,1,11,,,,,,,,,,,,,,,,,,,,,,,,,,,,,,0,0,0,21.9,
,183,6,2003,9/7/2003,1,25-258,ATL,@,DAL,W 27-13,5,5,94,18.8,1,1,18.8,,,,,,,,,,,,,,,,,,,,,,,,,,,,,,0,0,0,20.4,
,183,7,2005,12/12/2005,13,27-354,ATL,,NOR,W 36-17,5,3,94,31.33,0,1,18.8,,,,,,,,,,,,,,,,,,,,,,,,,,,,,,0,0,0,12.4,
,183,8,2004,10/31/2004,8,26-313,ATL,@,DEN,W 41-28,8,7,86,12.29,0,1,10.75,,,,,,,,,,,,,,,,,,,,,,,,,,,,,,0,0,0,15.6,
,183,9,2004,10/3/2004,4,26-285,ATL,@,CAR,W 27-10,9,5,85,17,0,1,9.44,,,,,,,,,,,,,,,,,,,,,,,,,,,,,,0,0,0,13.5,
,183,10,2004,9/12/2004,1,26-264,ATL,@,SFO,W 21-19,7,6,82,13.67,1,1,11.71,,,,,,,,,,,,,,,,,,,,,,,,,,,,,,0,0,0,20.2,
,183,44,2006,11/26/2006,11,28-338,ATL,,NOR,L 13-31,3,1,43,43,0,0,14.33,,,,,,,,,,,,,,,,,,,,,,,,,,,,,,0,0,0,5.3,
,183,80,2004,10/10/2004,5,26-292,ATL,,DET,L 10-17,4,1,24,24,0,0,6,,,,,,,,,,,,,,,,,,,,,,,,,,,,,,0,0,0,3.4,
,183,82,2004,12/12/2004,13,26-355,ATL,,OAK,W 35-10,2,1,22,22,0,1,11,,,,,,,,,,,,,,,,,,,,,,,,,,,,,,0,0,0,3.2,
,183,83,2006,9/17/2006,2,28-268,ATL,,TAM,W 14-3,2,1,22,22,0,1,11,,,,,,,,,,,,,,,,,,,,,,,,,,,,,,0,0,0,3.2,
,183,96,2001,12/16/2001,13,23-358,ATL,@,IND,L 27-41,3,1,15,15,0,0,5,,,,,,,,,,,,,,,,,,,,,,,,,,,,,,0,0,0,2.5,
,183,97,2002,9/22/2002,3,24-273,ATL,,CIN,W 30-3,1,1,15,15,0,1,15,,,,,,,,,,,,,,,,,,,,,,,,,,,,,,0,0,0,2.5,
,184,2,1994,9/18/1994,3,29-152,MIA,,NYJ,W 28-14,7,6,100,16.67,0,1,14.29,,,,,,,,,,,,,,,,,,,,,,,,,,,,,,0,0,3,19,12.8375
,184,3,1993,11/21/1993,10,28-216,MIA,,NWE,W 17-13,9,5,99,19.8,0,1,11,,,,,,,,,,,,,,,,,,,,,,,,,,,,,,0,0,0,14.9,
,184,19,1992,11/1/1992,8,27-196,MIA,@,NYJ,L 14-26,4,4,74,18.5,1,1,18.5,,,,,,,,,,,,,,,,,,,,,,,,,,,,,,0,0,0,17.4,
,184,20,1993,9/5/1993,1,28-139,MIA,@,IND,W 24-20,8,3,73,24.33,2,0,9.13,,,,,,,,,,,,,,,,,,,,,,,,,,,,,,0,0,0,22.3,
,184,22,1992,10/18/1992,6,27-182,MIA,,NWE,W 38-17,4,4,70,17.5,2,1,17.5,,,,,,,,,,,,,,,,,,,,,,,,,,,,,,0,0,0,23,
,184,23,1992,11/8/1992,9,27-203,MIA,@,IND,W 28-0,8,6,69,11.5,1,1,8.63,,,,,,,,,,,,,,,,,,,,,,,,,,,,,,0,0,0,18.9,
,184,26,1992,10/4/1992,4,27-168,MIA,@,BUF,W 37-10,5,4,64,16,1,1,12.8,,,,,,,,,,,,,,,,,,,,,,,,,,,,,,0,0,0,16.4,
,184,27,1994,12/4/1994,13,29-229,MIA,,BUF,L 31-42,9,7,64,9.14,1,1,7.11,,,,,,,,,,,,,,,,,,,,,,,,,,,,,,0,0,0,19.4,
,184,28,1994,12/18/1994,15,29-243,MIA,@,IND,L 6-10,5,4,64,16,0,1,12.8,,,,,,,,,,,,,,,,,,,,,,,,,,,,,,0,0,0,10.4,
,184,29,1992,12/6/1992,13,27-231,MIA,@,SFO,L 3-27,10,7,63,9,0,1,6.3,,,,,,,,,,,,,,,,,,,,,,,,,,,,,,0,0,0,13.3,
,184,39,1993,9/12/1993,2,28-146,MIA,,NYJ,L 14-24,2,1,57,57,1,1,28.5,,,,,,,,,,,,,,,,,,,,,,,,,,,,,,0,0,0,12.7,
,184,111,1993,12/27/1993,15,28-252,MIA,@,SDG,L 20-45,4,1,8,8,0,0,2,,,,,,,,,,,,,,,,,,,,,,,,,,,,,,0,0,0,1.8,
,184,114,1993,11/14/1993,9,28-209,MIA,@,PHI,W 19-14,3,1,7,7,0,0,2.33,,,,,,,,,,,,,,,,,,,,,,,,,,,,,,0,0,0,1.7,
,184,119,1994,11/6/1994,9,29-201,MIA,,IND,W 22-21,3,1,6,6,0,0,2,,,,,,,,,,,,,,,,,,,,,,,,,,,,,,0,0,0,1.6,
,184,49,1993,11/7/1993,8,28-202,MIA,@,NYJ,L 10-27,6,2,48,24,0,0,8,,,,,,,,,,,,,,,,,,,,,,,,,,,,,,0,0,0,6.8,
,184,64,1992,12/14/1992,14,27-239,MIA,,RAI,W 20-7,2,2,38,19,0,1,19,,,,,,,,,,,,,,,,,,,,,,,,,,,,,,0,0,0,5.8,
,185,1,1980,12/7/1980,14,29-235,NOR,@,SFO,L 35-38,,8,144,18,1,,,0,0,,0,,,,,,,,,,,,,,,,,,,,,,,,,,0,0,3,31.4,13.98125
,185,2,1979,11/18/1979,12,28-216,NOR,@,SEA,L 24-38,,6,121,20.17,0,,,0,0,,0,,,,,,,,,,,,,,,,,,,,,,,,,,0,0,3,21.1,
,185,3,1979,11/25/1979,13,28-223,NOR,@,ATL,W 37-6,,3,117,39,1,,,0,0,,0,,,,,,,,,,,,,,,,,,,,,,,,,,0,0,3,23.7,
,185,4,1979,9/9/1979,2,28-146,NOR,@,GNB,L 19-28,,7,112,16,1,,,0,0,,0,,,,,,,,,,,,,,,,,,,,,,,,,,0,0,3,27.2,
,185,5,1978,11/26/1978,13,27-224,NOR,@,ATL,L 17-20,,3,100,33.33,0,,,0,0,,0,,,,,,,,,,,,,,,,,,,,,,,,,,0,0,3,16,
,185,6,1978,11/5/1978,10,27-203,NOR,@,PIT,L 14-20,,6,94,15.67,0,,,0,0,,0,,,,,,,,,,,,,,,,,,,,,,,,,,0,0,0,15.4,
,185,7,1980,12/21/1980,16,29-249,NOR,,NWE,L 27-38,,5,94,18.8,0,,,0,0,,0,,,,,,,,,,,,,,,,,,,,,,,,,,0,0,0,14.4,
,185,8,1976,12/12/1976,14,25-240,NOR,,SFO,L 7-27,,3,87,29,1,,,0,0,,0,,,,,,,,,,,,,,,,,,,,,,,,,,0,0,0,17.7,
,185,9,1978,10/8/1978,6,27-175,NOR,,CLE,L 16-24,,7,86,12.29,0,,,0,0,,0,,,,,,,,,,,,,,,,,,,,,,,,,,0,0,0,15.6,
,185,10,1976,10/24/1976,7,25-191,NOR,,RAM,L 10-16,,6,85,14.17,0,,,0,0,,0,,,,,,,,,,,,,,,,,,,,,,,,,,0,0,0,14.5,
,185,43,1975,10/19/1975,5,24-186,NOR,@,SFO,L 21-35,,1,31,31,0,,,0,0,,0,,,,,,,,,,,,,,,,,,,,,,,,,,0,0,0,4.1,
,185,44,1977,11/13/1977,9,26-211,NOR,,SFO,L 7-10,,1,31,31,0,,,0,0,,0,,,,,,,,,,,,,,,,,,,,,,,,,,0,0,0,4.1,
,185,48,1979,12/3/1979,14,28-231,NOR,,OAK,L 35-42,,1,28,28,1,,,0,0,,0,,,,,,,,,,,,,,,,,,,,,,,,,,0,0,0,9.8,
,185,57,1975,10/26/1975,6,24-193,NOR,@,RAM,L 14-38,,1,21,21,0,,,0,0,,0,,,,,,,,,,,,,,,,,,,,,,,,,,0,0,0,3.1,
,185,59,1977,10/9/1977,4,26-176,NOR,,SDG,L 0-14,,1,19,19,0,,,0,0,,0,,,,,,,,,,,,,,,,,,,,,,,,,,0,0,0,2.9,
,185,65,1978,9/17/1978,3,27-154,NOR,,PHI,L 17-24,,1,17,17,0,,,0,0,,0,,,,,,,,,,,,,,,,,,,,,,,,,,0,0,0,2.7,
,186,1,1969,11/9/1969,9,24-248,CIN,@,HOU,T 31-31,,5,159,31.8,3,,,,,,,,,,,,,,,,,,,,,,,,,,,,,,,,0,0,3,41.9,16.35
,186,2,1969,9/21/1969,2,24-199,CIN,,SDG,W 34-20,,3,118,39.33,1,,,,,,,,,,,,,,,,,,,,,,,,,,,,,,,,0,0,3,23.8,
,186,3,1968,9/15/1968,2,23-193,CIN,,DEN,W 24-10,,4,114,28.5,1,,,,,,,,,,,,,,,,,,,,,,,,,,,,,,,,0,0,3,24.4,
,186,4,1969,9/28/1969,3,24-206,CIN,,KAN,W 24-19,,4,100,25,1,,,,,,,,,,,,,,,,,,,,,,,,,,,,,,,,0,0,3,23,
,186,5,1968,11/10/1968,10,23-249,CIN,,KAN,L 9-16,,4,99,24.75,0,,,,,,,,,,,,,,,,,,,,,,,,,,,,,,,,0,0,0,13.9,
,186,6,1970,11/8/1970,8,25-247,CIN,@,BUF,W 43-14,,4,96,24,0,,,,,,,,,,,,,,,,,,,,,,,,,,,,,,,,0,0,0,13.6,
,186,7,1970,10/4/1970,3,25-212,CIN,,HOU,L 13-20,,6,90,15,1,,,,,,,,,,,,,,,,,,,,,,,,,,,,,,,,0,0,0,21,
,186,8,1972,10/29/1972,7,27-237,CIN,,HOU,W 30-7,,8,90,11.25,0,,,,,,,,,,,,,,,,,,,,,,,,,,,,,,,,0,0,0,17,
,186,9,1971,11/21/1971,10,26-260,CIN,,HOU,W 28-13,,5,87,17.4,1,,,,,,,,,,,,,,,,,,,,,,,,,,,,,,,,0,0,0,19.7,
,186,10,1969,11/2/1969,8,24-241,CIN,,OAK,W 31-17,,4,85,21.25,0,,,,,,,,,,,,,,,,,,,,,,,,,,,,,,,,0,0,0,12.5,
,186,12,1968,11/17/1968,11,23-256,CIN,@,MIA,W 38-21,,1,80,80,1,,,,,,,,,,,,,,,,,,,,,,,,,,,,,,,,0,0,0,15,
,186,33,1969,12/7/1969,13,24-276,CIN,@,OAK,L 17-37,,1,47,47,0,,,,,,,,,,,,,,,,,,,,,,,,,,,,,,,,0,0,0,5.7,
,186,43,1968,12/8/1968,14,23-277,CIN,@,NYJ,L 14-27,,1,42,42,0,,,,,,,,,,,,,,,,,,,,,,,,,,,,,,,,0,0,0,5.2,
,186,52,1976,12/12/1976,14,31-281,CIN,@,NYJ,W 42-3,,1,39,39,1,,,,,,,,,,,,,,,,,,,,,,,,,,,,,,,,0,0,0,10.9,
,186,66,1970,11/29/1970,11,25-268,CIN,,NOR,W 26-6,,1,30,30,0,,,,,,,,,,,,,,,,,,,,,,,,,,,,,,,,0,0,0,4,
,186,68,1973,10/21/1973,6,28-229,CIN,,KAN,W 14-6,,1,30,30,1,,,,,,,,,,,,,,,,,,,,,,,,,,,,,,,,0,0,0,10,
,187,3,2002,12/22/2002,15,23-039,SEA,,STL,W 30-10,6,4,70,17.5,0,1,11.67,,,,,,,,,,,,,,,,,,,,,,,,,,,,,,0,0,0,11,8.59375
,187,4,2005,10/9/2005,5,25-330,SEA,@,STL,W 37-31,5,3,65,21.67,1,1,13,,,,,,,,,,,,,,,,,,,,,,,,,,,,,,0,0,0,15.5,
,187,5,2006,12/14/2006,14,27-031,SEA,,SFO,L 14-24,8,5,64,12.8,1,1,8,,,,,,,,,,,,,,,,,,,,,,,,,,,,,,0,0,0,17.4,
,187,7,2005,10/23/2005,7,25-344,SEA,,DAL,W 13-10,6,5,60,12,0,1,10,,,,,,,,,,,,,,,,,,,,,,,,,,,,,,0,0,0,11,
,187,8,2004,12/6/2004,12,25-023,SEA,,DAL,L 39-43,3,2,58,29,0,1,19.33,,,,,,,,,,,,,,,,,,,,,,,,,,,,,,0,0,0,7.8,
,187,10,2006,12/31/2006,16,27-048,SEA,@,TAM,W 23-7,6,4,54,13.5,0,1,9,,,,,,,,,,,,,,,,,,,,,,,,,,,,,,0,0,0,9.4,
,187,11,2005,12/18/2005,14,26-035,SEA,@,TEN,W 28-24,5,4,53,13.25,1,1,10.6,,,,,,,,,,,,,,,,,,,,,,,,,,,,,,0,0,0,15.3,
,187,12,2004,10/17/2004,5,24-339,SEA,@,NWE,L 20-30,6,4,50,12.5,0,1,8.33,,,,,,,,,,,,,,,,,,,,,,,,,,,,,,0,0,0,9,
,187,13,2005,9/18/2005,2,25-309,SEA,,ATL,W 21-18,5,3,49,16.33,1,1,9.8,,,,,,,,,,,,,,,,,,,,,,,,,,,,,,0,0,0,13.9,
,187,14,2005,11/13/2005,9,26-000,SEA,,STL,W 31-16,6,4,49,12.25,0,1,8.17,,,,,,,,,,,,,,,,,,,,,,,,,,,,,,0,0,0,8.9,
,187,35,2005,11/20/2005,10,26-007,SEA,@,SFO,W 27-25,2,1,27,27,0,1,13.5,,,,,,,,,,,,,,,,,,,,,,,,,,,,,,0,0,0,3.7,
,187,37,2003,12/21/2003,15,24-038,SEA,,ARI,W 28-10,1,1,26,26,0,1,26,,,,,,,,,,,,,,,,,,,,,,,,,,,,,,0,0,0,3.6,
,187,51,2002,11/17/2002,10,23-004,SEA,,DEN,L 9-31,3,1,18,18,0,0,6,,,,,,,,,,,,,,,,,,,,,,,,,,,,,,0,0,0,2.8,
,187,52,2006,11/19/2006,10,27-006,SEA,@,SFO,L 14-20,3,1,18,18,0,0,6,,,,,,,,,,,,,,,,,,,,,,,,,,,,,,0,0,0,2.8,
,187,53,2003,11/2/2003,8,23-354,SEA,,PIT,W 23-16,3,1,17,17,0,0,5.67,,,,,,,,,,,,,,,,,,,,,,,,,,,,,,0,0,0,2.7,
,187,54,2004,10/24/2004,6,24-346,SEA,@,ARI,L 17-25,2,1,17,17,0,1,8.5,,,,,,,,,,,,,,,,,,,,,,,,,,,,,,0,0,0,2.7,
,188,1,2011,11/20/2011,10,28-122,TAM,@,GNB,L 26-35,11,9,132,14.67,0,1,12,0,0,,0,,,,,,,,,,,,,,,,,,,,,,,,,,0,0,3,25.2,14.35625
,188,5,2009,10/11/2009,5,26-082,TAM,@,PHI,L 14-33,12,9,102,11.33,2,1,8.5,0,0,,0,,,,,,,,,,,,,,,,,,,,,,,,,,0,0,3,34.2,
,188,6,2009,11/15/2009,9,26-117,TAM,@,MIA,L 23-25,12,7,102,14.57,0,1,8.5,0,0,,0,,,,,,,,,,,,,,,,,,,,,,,,,,0,0,3,20.2,
,188,8,2010,12/26/2010,15,27-158,TAM,,SEA,W 38-15,7,7,98,14,2,1,14,0,0,,0,,,,,,,,,,,,,,,,,,,,,,,,,,0,0,0,28.8,
,188,11,2009,12/20/2009,14,26-152,TAM,@,SEA,W 24-7,8,6,93,15.5,0,1,11.63,0,0,,0,,,,,,,,,,,,,,,,,,,,,,,,,,0,0,0,15.3,
,188,15,2009,9/20/2009,2,26-061,TAM,@,BUF,L 20-33,10,7,90,12.86,1,1,9,0,0,,0,,,,,,,,,,,,,,,,,,,,,,,,,,0,0,0,22,
,188,18,2010,9/19/2010,2,27-060,TAM,@,CAR,W 20-7,4,4,83,20.75,0,1,20.75,0,0,,0,,,,,,,,,,,,,,,,,,,,,,,,,,0,0,0,12.3,
,188,19,2009,11/29/2009,11,26-131,TAM,@,ATL,L 17-20,8,7,81,11.57,0,1,10.13,0,0,,0,,,,,,,,,,,,,,,,,,,,,,,,,,0,0,0,15.1,
,188,23,2009,12/27/2009,15,26-159,TAM,@,NOR,W 20-17,8,4,76,19,0,1,9.5,0,0,,0,,,,,,,,,,,,,,,,,,,,,,,,,,0,0,0,11.6,
,188,24,2010,10/10/2010,4,27-081,TAM,@,CIN,W 24-21,9,6,75,12.5,0,1,8.33,0,0,,0,,,,,,,,,,,,,,,,,,,,,,,,,,0,0,0,13.5,
,188,103,2010,10/31/2010,7,27-102,TAM,@,ARI,W 38-35,2,1,5,5,0,1,2.5,0,0,,0,,,,,,,,,,,,,,,,,,,,,,,,,,0,0,0,1.5,
,188,45,2010,12/12/2010,13,27-144,TAM,@,WAS,W 17-16,4,2,52,26,1,1,13,0,0,,0,,,,,,,,,,,,,,,,,,,,,,,,,,0,0,0,13.2,
,188,60,2011,12/11/2011,13,28-143,TAM,@,JAX,L 14-41,5,2,38,19,0,0,7.6,0,0,,0,,,,,,,,,,,,,,,,,,,,,,,,,,0,0,0,5.8,
,188,89,2009,10/4/2009,4,26-075,TAM,@,WAS,L 13-16,3,2,21,10.5,0,1,7,0,0,,0,,,,,,,,,,,,,,,,,,,,,,,,,,0,0,0,4.1,
,188,90,2011,9/25/2011,3,28-066,TAM,,ATL,W 16-13,5,2,20,10,0,0,4,0,0,,0,,,,,,,,,,,,,,,,,,,,,,,,,,0,0,0,4,
,188,102,2009,10/25/2009,7,26-096,TAM,,NWE,L 7-35,4,2,9,4.5,0,1,2.25,0,0,,0,,,,,,,,,,,,,,,,,,,,,,,,,,0,0,0,2.9,
,189,1,1997,9/7/1997,2,31-193,CAR,@,ATL,W 9-6,10,7,147,21,0,1,14.7,,,,,,,,,,,,,,,,,,,,,,,,,,,,,,0,0,3,24.7,15.05
,189,2,1997,11/23/1997,12,31-270,CAR,@,STL,W 16-10,9,8,106,13.25,0,1,11.78,,,,,,,,,,,,,,,,,,,,,,,,,,,,,,0,0,3,21.6,
,189,3,2000,10/8/2000,5,34-225,CAR,,SEA,W 26-3,8,7,102,14.57,0,1,12.75,,,,,,,,,,,,,,,,,,,,,,,,,,,,,,0,0,3,20.2,
,189,4,2000,9/10/2000,2,34-197,CAR,@,SFO,W 38-22,7,5,99,19.8,1,1,14.14,,,,,,,,,,,,,,,,,,,,,,,,,,,,,,0,0,0,20.9,
,189,5,1999,12/12/1999,13,33-289,CAR,@,GNB,W 33-31,8,6,96,16,0,1,12,,,,,,,,,,,,,,,,,,,,,,,,,,,,,,0,0,0,15.6,
,189,6,2001,10/7/2001,4,35-223,CAR,@,SFO,L 14-24,11,10,91,9.1,1,1,8.27,,,,,,,,,,,,,,,,,,,,,,,,,,,,,,0,0,0,25.1,
,189,7,1999,1/2/2000,16,33-310,CAR,,NOR,W 45-13,6,4,88,22,2,1,14.67,,,,,,,,,,,,,,,,,,,,,,,,,,,,,,0,0,0,24.8,
,189,8,1998,11/15/1998,10,32-262,CAR,,MIA,L 9-13,9,8,84,10.5,0,1,9.33,,,,,,,,,,,,,,,,,,,,,,,,,,,,,,0,0,0,16.4,
,189,9,1999,10/24/1999,6,33-240,CAR,,DET,L 9-24,13,7,83,11.86,0,1,6.38,,,,,,,,,,,,,,,,,,,,,,,,,,,,,,0,0,0,15.3,
,189,10,1996,9/22/1996,3,30-209,CAR,,SFO,W 23-7,8,6,81,13.5,2,1,10.13,,,,,,,,,,,,,,,,,,,,,,,,,,,,,,0,0,0,26.1,
,189,89,2002,10/20/2002,7,36-236,CAR,@,ATL,L 0-30,4,1,24,24,0,0,6,,,,,,,,,,,,,,,,,,,,,,,,,,,,,,0,0,0,3.4,
,189,91,2002,12/1/2002,12,36-278,CAR,@,CLE,W 13-6,3,1,24,24,1,0,8,,,,,,,,,,,,,,,,,,,,,,,,,,,,,,0,0,0,9.4,
,189,93,1996,10/20/1996,7,30-237,CAR,,NOR,W 19-7,6,1,22,22,0,0,3.67,,,,,,,,,,,,,,,,,,,,,,,,,,,,,,0,0,0,3.2,
,189,101,2002,9/15/2002,2,36-201,CAR,,DET,W 31-7,2,1,20,20,0,1,10,,,,,,,,,,,,,,,,,,,,,,,,,,,,,,0,0,0,3,
,189,103,1997,9/21/1997,4,31-207,CAR,,KAN,L 14-35,2,1,19,19,1,1,9.5,,,,,,,,,,,,,,,,,,,,,,,,,,,,,,0,0,0,8.9,
,189,116,1998,9/13/1998,2,32-199,CAR,@,NOR,L 14-19,4,1,12,12,0,0,3,,,,,,,,,,,,,,,,,,,,,,,,,,,,,,0,0,0,2.2,
,190,1,2000,10/29/2000,9,28-289,JAX,@,DAL,W 23-17,10,10,138,13.8,1,1,13.8,,,,,,,,,,,,,,,,,,,,,,,,,,,,,,0,0,3,32.8,10.2
,190,2,2000,10/22/2000,8,28-282,JAX,,WAS,L 16-35,13,8,111,13.88,0,1,8.54,,,,,,,,,,,,,,,,,,,,,,,,,,,,,,0,0,3,22.1,
,190,3,2000,9/3/2000,1,28-233,JAX,@,CLE,W 27-7,6,5,85,17,0,1,14.17,,,,,,,,,,,,,,,,,,,,,,,,,,,,,,0,0,0,13.5,
,190,4,1999,11/28/1999,11,27-318,JAX,@,BAL,W 30-23,7,4,65,16.25,0,1,9.29,,,,,,,,,,,,,,,,,,,,,,,,,,,,,,0,0,0,10.5,
,190,5,2000,11/19/2000,11,28-310,JAX,@,PIT,W 34-24,6,5,62,12.4,0,1,10.33,,,,,,,,,,,,,,,,,,,,,,,,,,,,,,0,0,0,11.2,
,190,6,2002,9/15/2002,2,30-244,JAX,@,KAN,W 23-16,8,5,60,12,0,1,7.5,,,,,,,,,,,,,,,,,,,,,,,,,,,,,,0,0,0,11,
,190,7,2002,12/22/2002,15,30-342,JAX,,TEN,L 10-28,7,5,55,11,0,1,7.86,,,,,,,,,,,,,,,,,,,,,,,,,,,,,,0,0,0,10.5,
,190,8,2002,12/1/2002,12,30-321,JAX,,PIT,L 23-25,5,3,54,18,1,1,10.8,,,,,,,,,,,,,,,,,,,,,,,,,,,,,,0,0,0,14.4,
,190,9,2001,12/30/2001,15,29-350,JAX,,KAN,L 26-30,7,5,51,10.2,0,1,7.29,,,,,,,,,,,,,,,,,,,,,,,,,,,,,,0,0,0,10.1,
,190,14,2000,10/8/2000,6,28-268,JAX,,BAL,L 10-15,6,5,45,9,0,1,7.5,,,,,,,,,,,,,,,,,,,,,,,,,,,,,,0,0,0,9.5,
,190,45,1999,11/21/1999,10,27-311,JAX,,NOR,W 41-23,2,1,30,30,0,1,15,,,,,,,,,,,,,,,,,,,,,,,,,,,,,,0,0,0,4,
,190,63,2002,12/15/2002,14,30-335,JAX,@,CIN,W 29-15,2,1,23,23,0,1,11.5,,,,,,,,,,,,,,,,,,,,,,,,,,,,,,0,0,0,3.3,
,190,77,2002,9/29/2002,3,30-258,JAX,,NYJ,W 28-3,1,1,19,19,0,1,19,,,,,,,,,,,,,,,,,,,,,,,,,,,,,,0,0,0,2.9,
,190,86,2005,12/4/2005,12,33-324,JAX,@,CLE,W 20-14,1,1,17,17,0,1,17,,,,,,,,,,,,,,,,,,,,,,,,,,,,,,0,0,0,2.7,
,190,93,2001,9/30/2001,3,29-259,JAX,,CLE,L 14-23,1,1,14,14,0,1,14,,,,,,,,,,,,,,,,,,,,,,,,,,,,,,0,0,0,2.4,
,190,97,2006,12/10/2006,13,34-330,JAX,,IND,W 44-17,1,1,13,13,0,1,13,,,,,,,,,,,,,,,,,,,,,,,,,,,,,,0,0,0,2.3,
,191,1,2002,12/29/2002,16,22-288,BAL,@,PIT,L 31-34,9,7,146,20.86,1,1,16.22,0,0,,0,0,0,,0,0,0,,,,,,,,,,,,,,,,,,,,0,0,3,30.6,15.6625
,191,2,2003,10/19/2003,6,23-217,BAL,@,CIN,L 26-34,8,7,129,18.43,0,1,16.13,0,0,,0,0,0,,0,0,0,,,,,,,,,,,,,,,,,,,,0,0,3,22.9,
,191,3,2005,12/19/2005,14,25-278,BAL,,GNB,W 48-3,12,9,110,12.22,2,1,9.17,0,0,,0,0,0,,0,0,0,,,,,,,,,,,,,,,,,,,,0,0,3,35,
,191,4,2003,12/14/2003,14,23-273,BAL,@,OAK,L 12-20,9,6,93,15.5,1,1,10.33,0,0,,0,0,0,,0,0,0,,,,,,,,,,,,,,,,,,,,0,0,0,21.3,
,191,5,2002,12/8/2002,13,22-267,BAL,,NOR,L 25-37,13,5,87,17.4,0,0,6.69,0,0,,0,0,0,,0,0,0,,,,,,,,,,,,,,,,,,,,0,0,0,13.7,
,191,6,2005,11/27/2005,11,25-256,BAL,@,CIN,L 29-42,7,6,87,14.5,2,1,12.43,0,0,,0,0,0,,0,0,0,,,,,,,,,,,,,,,,,,,,0,0,0,26.7,
,191,7,2004,9/12/2004,1,24-180,BAL,@,CLE,L 3-20,14,9,86,9.56,0,1,6.14,0,0,,0,0,0,,0,0,0,,,,,,,,,,,,,,,,,,,,0,0,0,17.6,
,191,8,2002,9/30/2002,3,22-198,BAL,,DEN,W 34-23,8,5,84,16.8,2,1,10.5,0,0,,0,0,0,,0,0,0,,,,,,,,,,,,,,,,,,,,0,0,0,25.4,
,191,9,2006,11/5/2006,8,26-234,BAL,,CIN,W 26-20,5,4,84,21,0,1,16.8,0,0,,0,0,0,,0,0,0,,,,,,,,,,,,,,,,,,,,0,0,0,12.4,
,191,10,2005,10/16/2005,5,25-214,BAL,,CLE,W 16-3,7,6,79,13.17,1,1,11.29,0,0,,0,0,0,,0,0,0,,,,,,,,,,,,,,,,,,,,0,0,0,19.9,
,191,104,2001,11/18/2001,10,21-247,BAL,,CLE,L 17-27,1,1,24,24,1,1,24,0,0,,0,0,0,,0,0,0,,,,,,,,,,,,,,,,,,,,0,0,0,9.4,
,191,105,2008,12/14/2008,14,28-273,BAL,,PIT,L 9-13,4,1,24,24,0,0,6,0,0,,0,0,0,,0,0,0,,,,,,,,,,,,,,,,,,,,0,0,0,3.4,
,191,108,2003,11/23/2003,11,23-252,BAL,,SEA,W 44-41,7,1,22,22,0,0,3.14,1,7,7,0,0,0,,0,0,0,,,,,,,,,,,,,,,,,,,,0,0,0,3.9,
,191,111,2010,10/10/2010,5,30-208,BAL,,DEN,W 31-17,5,1,22,22,0,0,4.4,0,0,,0,0,0,,0,0,0,,,,,,,,,,,,,,,,,,,,0,0,0,3.2,
,191,115,2001,12/23/2001,14,21-282,BAL,,CIN,W 16-0,2,1,18,18,0,1,9,0,0,,0,0,0,,0,0,0,,,,,,,,,,,,,,,,,,,,0,0,0,2.8,
,191,122,2003,12/7/2003,13,23-266,BAL,,CIN,W 31-13,7,1,14,14,0,0,2,0,0,,0,0,0,,0,0,0,,,,,,,,,,,,,,,,,,,,0,0,0,2.4,
,192,12,1995,12/24/1995,16,24-071,HOU,@,BUF,W 28-17,8,5,72,14.4,1,1,9,0,0,,0,0,0,,0,0,0,,,,,,,,,,,,,,,,,,,,0,0,0,18.2,10.5875
,192,15,1995,12/10/1995,14,24-057,HOU,,DET,L 17-24,6,5,71,14.2,0,1,11.83,0,0,,0,0,0,,0,0,0,,,,,,,,,,,,,,,,,,,,0,0,0,12.1,
,192,20,1996,9/15/1996,3,24-337,HOU,,BAL,W 29-13,7,6,64,10.67,1,1,9.14,1,0,0,0,0,0,,0,0,0,,,,,,,,,,,,,,,,,,,,0,0,0,18.4,
,192,23,1996,10/6/1996,5,24-358,HOU,@,CIN,W 30-27,7,7,59,8.43,1,1,8.43,0,0,,0,0,0,,0,0,0,,,,,,,,,,,,,,,,,,,,0,0,0,18.9,
,192,26,1996,12/15/1996,15,25-062,HOU,,CIN,L 13-21,7,5,57,11.4,1,1,8.14,0,0,,0,0,0,,0,0,0,,,,,,,,,,,,,,,,,,,,0,0,0,16.7,
,192,33,1996,11/17/1996,11,25-034,HOU,,MIA,L 20-23,9,5,54,10.8,1,1,6,0,0,,0,0,0,,0,0,0,,,,,,,,,,,,,,,,,,,,0,0,0,16.4,
,192,35,1995,11/26/1995,12,24-043,HOU,,DEN,W 42-33,5,4,51,12.75,0,1,10.2,0,0,,0,0,0,,0,0,0,,,,,,,,,,,,,,,,,,,,0,0,0,9.1,
,192,39,1995,12/3/1995,13,24-050,HOU,@,PIT,L 7-21,5,3,50,16.67,0,1,10,0,0,,0,0,0,,0,0,0,,,,,,,,,,,,,,,,,,,,0,0,0,8,
,192,45,1995,11/19/1995,11,24-036,HOU,@,KAN,L 13-20,5,5,44,8.8,0,1,8.8,0,0,,0,0,0,,0,0,0,,,,,,,,,,,,,,,,,,,,0,0,0,9.4,
,192,46,1996,11/24/1996,12,25-041,HOU,,CAR,L 6-31,5,4,44,11,0,1,8.8,0,0,,0,0,0,,0,0,0,,,,,,,,,,,,,,,,,,,,0,0,0,8.4,
,192,90,1996,12/1/1996,13,25-048,HOU,@,NYJ,W 35-10,1,1,23,23,1,1,23,0,0,,0,0,0,,0,0,0,,,,,,,,,,,,,,,,,,,,0,0,0,9.3,
,192,110,1996,11/10/1996,10,25-027,HOU,@,NOR,W 31-14,2,1,16,16,0,1,8,0,0,,0,0,0,,0,0,0,,,,,,,,,,,,,,,,,,,,0,0,0,2.6,
,192,127,1995,9/3/1995,1,23-324,HOU,@,JAX,W 10-3,1,1,9,9,0,1,9,0,0,,0,0,0,,0,0,0,,,,,,,,,,,,,,,,,,,,0,0,0,1.9,
,192,60,1995,11/12/1995,10,24-029,HOU,,CIN,L 25-32,3,2,39,19.5,0,1,13,0,0,,0,0,0,,0,0,0,,,,,,,,,,,,,,,,,,,,0,0,0,5.9,
,192,94,1995,9/17/1995,3,23-338,HOU,,CLE,L 7-14,3,2,22,11,0,1,7.33,0,0,,0,0,0,,0,0,0,,,,,,,,,,,,,,,,,,,,0,0,0,4.2,
,192,100,1996,9/8/1996,2,24-330,HOU,@,JAX,W 34-27,2,2,19,9.5,1,1,9.5,0,0,,0,0,0,,0,0,0,,,,,,,,,,,,,,,,,,,,0,0,0,9.9,
